7.943464443087577820e-03, 2.276489045470952988e-03, 9.999527931213378906e-01
8.345387578010559082e-01, -5.506337285041809082e-01, 1.674458757042884827e-02
-4.121215343475341797e-01, -9.065711498260498047e-01, 9.037272632122039795e-02
-2.287232428789138794e-01, -8.622856140136718750e-01, 4.517348408699035645e-01
-2.820613384246826172e-01, -2.111528813838958740e-01, -9.358569383621215820e-01
-9.271326661109924316e-01, -3.583605885505676270e-01, -1.090172827243804932e-01
1.659888625144958496e-01, -9.223041534423828125e-01, 3.488159477710723877e-01
-5.755237862467765808e-02, -9.953784346580505371e-01, -7.621446996927261353e-02
3.337093293666839600e-01, 8.775914907455444336e-01, -3.440569043159484863e-01
8.142724037170410156e-01, -4.514264762401580811e-01, 3.648537099361419678e-01
9.864644706249237061e-02, 9.195687770843505859e-01, -3.802720904350280762e-01
-4.934348165988922119e-01, -5.944446921348571777e-01, -6.349247097969055176e-01
-9.580123424530029297e-01, -1.720332540571689606e-02, 2.861185371875762939e-01
1.205215305089950562e-01, -2.883984148502349854e-01, -9.498808979988098145e-01
5.723639726638793945e-01, 8.179216384887695312e-01, 5.785996466875076294e-02
6.637631654739379883e-01, -7.264952659606933594e-01, -1.774743199348449707e-01
-6.836643815040588379e-01, 7.228906154632568359e-01, 9.984952211380004883e-02
7.244743108749389648e-01, -3.827807307243347168e-02, -6.881770491600036621e-01
1.321182847023010254e-01, -6.351644992828369141e-01, -7.609611153602600098e-01
8.902274966239929199e-01, 4.068711996078491211e-01, 2.045412510633468628e-01
9.682705998420715332e-01, -1.699267029762268066e-01, 1.830169856548309326e-01
-5.833846330642700195e-01, 6.043800711631774902e-01, 5.425078272819519043e-01
8.028579950332641602e-01, -4.415814876556396484e-01, -4.004940092563629150e-01
5.080233812332153320e-01, 8.502041101455688477e-01, 1.376466453075408936e-01
-3.572746515274047852e-01, 5.651978850364685059e-01, 7.435467243194580078e-01
9.431515336036682129e-01, -2.629337608814239502e-01, -2.032992690801620483e-01
7.349320054054260254e-01, -6.102491617202758789e-01, 2.956777811050415039e-01
-9.605072736740112305e-01, -1.985794305801391602e-01, 1.946840882301330566e-01
2.188547402620315552e-01, -7.549931406974792480e-01, -6.180630326271057129e-01
-5.459755063056945801e-01, 6.867147088050842285e-01, 4.798923134803771973e-01
1.729761213064193726e-01, -6.950641274452209473e-01, 6.977950930595397949e-01
8.491486907005310059e-01, -5.222315192222595215e-01, -7.823400199413299561e-02
-8.025385439395904541e-02, -7.262950539588928223e-01, 6.826425194740295410e-01
-7.239637374877929688e-01, -8.744392544031143188e-02, 6.842210292816162109e-01
1.199858933687210083e-01, 2.061765342950820923e-01, 9.711225032806396484e-01
-6.420062780380249023e-01, 2.023305892944335938e-01, -7.394700050354003906e-01
-5.058253556489944458e-02, -8.013052344322204590e-01, 5.960870981216430664e-01
-8.155185729265213013e-02, -9.417110681533813477e-01, 3.263023197650909424e-01
-7.583479881286621094e-01, 4.303700327873229980e-01, 4.894844591617584229e-01
-6.092879176139831543e-01, -6.282966136932373047e-01, -4.836586415767669678e-01
8.135902881622314453e-01, -2.696534693241119385e-01, -5.150713324546813965e-01
-6.512345671653747559e-01, -2.975214123725891113e-01, 6.980804204940795898e-01
-5.678316950798034668e-01, -7.026007175445556641e-01, -4.287258982658386230e-01
-8.581413626670837402e-01, 1.383837163448333740e-01, -4.943087399005889893e-01
-2.885862886905670166e-01, -6.474129557609558105e-01, 7.053888440132141113e-01
1.128356456756591797e-01, -7.973718047142028809e-01, -5.927885770797729492e-01
2.024322301149368286e-01, -8.782625794410705566e-01, 4.331313967704772949e-01
9.057998657226562500e-01, 4.113773107528686523e-01, 1.009061038494110107e-01
-1.547005474567413330e-01, -9.574584960937500000e-01, -2.433793395757675171e-01
7.672611474990844727e-01, 2.246930301189422607e-01, -6.006121635437011719e-01
-5.736673474311828613e-01, -3.416462242603302002e-01, 7.443862557411193848e-01
-9.275021404027938843e-02, 1.023654267191886902e-02, 9.956289529800415039e-01
4.700577259063720703e-01, -6.036749482154846191e-01, 6.438508033752441406e-01
-1.510170996189117432e-01, -9.575290679931640625e-01, 2.453935295343399048e-01
-7.383483648300170898e-01, 2.707034349441528320e-01, -6.176538467407226562e-01
-7.366794347763061523e-01, -6.558796167373657227e-01, 1.643981337547302246e-01
9.714597463607788086e-01, 1.384897977113723755e-01, -1.923503279685974121e-01
8.518533706665039062e-01, 2.691449522972106934e-01, -4.492320120334625244e-01
8.036651611328125000e-01, -1.821645647287368774e-01, -5.664374828338623047e-01
6.645960807800292969e-01, -1.692160665988922119e-01, 7.277734279632568359e-01
-7.113683223724365234e-01, 7.027344107627868652e-01, 5.763154476881027222e-03
-3.771659433841705322e-01, -3.716704547405242920e-01, -8.482750654220581055e-01
-7.000830769538879395e-01, 5.336121320724487305e-01, -4.744305014610290527e-01
-9.834803342819213867e-01, 1.677789539098739624e-01, -6.774052977561950684e-02
1.745628565549850464e-02, 9.309859275817871094e-01, 3.645766377449035645e-01
3.403370380401611328e-01, 7.637046575546264648e-01, -5.485450029373168945e-01
-9.659257531166076660e-01, 2.573693394660949707e-01, -2.508793026208877563e-02
-5.678902268409729004e-01, 8.222712874412536621e-01, -3.617088869214057922e-02
-6.828435659408569336e-01, 2.299516201019287109e-01, 6.933706998825073242e-01
2.263792157173156738e-01, -9.694981575012207031e-01, 9.368821233510971069e-02
6.146599054336547852e-01, 7.350721359252929688e-01, 2.859587371349334717e-01
7.919740676879882812e-01, 2.988201677799224854e-01, -5.323745012283325195e-01
-8.534569144248962402e-01, -4.979720413684844971e-01, 1.534442603588104248e-01
7.413748502731323242e-01, 2.016763202846050262e-02, 6.707341074943542480e-01
9.171593189239501953e-01, -1.254764944314956665e-01, 3.780960142612457275e-01
1.721934080123901367e-01, 9.747765660285949707e-01, 1.416104435920715332e-01
-1.549274623394012451e-01, 2.880122065544128418e-01, 9.449949264526367188e-01
-2.899399995803833008e-01, -9.494972229003906250e-01, -1.196844577789306641e-01
2.774716913700103760e-01, 9.235370755195617676e-01, -2.646803259849548340e-01
2.812496125698089600e-01, -3.804589807987213135e-01, 8.809710144996643066e-01
-2.077576518058776855e-01, -3.503461778163909912e-01, 9.132683873176574707e-01
-8.866762518882751465e-01, -4.602068662643432617e-01, -4.397373646497726440e-02
-6.147986650466918945e-01, -9.160135686397552490e-02, 7.833320498466491699e-01
4.272661637514829636e-03, -1.658646911382675171e-01, 9.861294627189636230e-01
-9.527746438980102539e-01, 2.826374471187591553e-01, 1.106944531202316284e-01
-2.799625098705291748e-01, 9.599432945251464844e-01, -4.837710410356521606e-03
-7.463652491569519043e-01, 1.652823835611343384e-01, 6.446238160133361816e-01
-6.366409659385681152e-01, -7.434186339378356934e-01, 2.047842890024185181e-01
-9.725856184959411621e-01, -1.130713969469070435e-01, -2.029245942831039429e-01
4.887267202138900757e-02, -9.810223579406738281e-01, 1.872989237308502197e-01
-8.946858644485473633e-01, -2.289108633995056152e-01, -3.835695683956146240e-01
-8.039638996124267578e-01, 5.044562220573425293e-01, -3.147875368595123291e-01
5.845704078674316406e-01, 7.127291560173034668e-01, -3.875665068626403809e-01
2.015063017606735229e-01, 4.298784304410219193e-03, -9.794657230377197266e-01
5.234717130661010742e-01, 1.206577271223068237e-01, 8.434392213821411133e-01
-7.600833177566528320e-01, -1.121687293052673340e-01, -6.400489211082458496e-01
3.510675430297851562e-01, -8.148509860038757324e-01, 4.611710011959075928e-01
-5.499900579452514648e-01, -2.927690148353576660e-01, -7.821494340896606445e-01
-9.132294058799743652e-01, -2.819225788116455078e-01, -2.940011620521545410e-01
6.666999459266662598e-01, 4.402774870395660400e-01, -6.013545393943786621e-01
3.712042868137359619e-01, 6.376031637191772461e-01, 6.750089526176452637e-01
-2.923783063888549805e-01, 4.073157310485839844e-01, 8.652073144912719727e-01
-7.509209513664245605e-01, 4.612746834754943848e-02, -6.587607264518737793e-01
-1.754645407199859619e-01, -8.754159808158874512e-01, -4.502972960472106934e-01
6.800534725189208984e-01, -2.870474457740783691e-01, -6.746178865432739258e-01
-5.993835926055908203e-01, 6.282629370689392090e-01, -4.959187507629394531e-01
-6.068044304847717285e-01, -7.926669716835021973e-01, 5.826658010482788086e-02
7.133675813674926758e-01, 2.927044034004211426e-01, 6.366651058197021484e-01
3.662804961204528809e-01, -9.586527943611145020e-02, 9.255437254905700684e-01
9.584010839462280273e-01, 1.456222981214523315e-01, 2.453286796808242798e-01
-6.555624008178710938e-01, 1.906455308198928833e-02, -7.548699378967285156e-01
1.397074293345212936e-02, -9.998431205749511719e-01, -4.384046420454978943e-03
-4.094100594520568848e-01, 5.032229423522949219e-01, -7.609779238700866699e-01
4.986655116081237793e-01, 2.059908211231231689e-02, 8.665387630462646484e-01
2.063064128160476685e-01, 8.214613795280456543e-01, -5.315617918968200684e-01
6.918046474456787109e-01, 5.647443607449531555e-02, -7.198571562767028809e-01
-8.790280818939208984e-01, -4.528258442878723145e-01, -1.488345861434936523e-01
-9.346504211425781250e-01, -1.495749652385711670e-01, -3.223910331726074219e-01
-9.412811398506164551e-01, 7.377447187900543213e-02, 3.293110728263854980e-01
8.322086334228515625e-01, -2.345198392868041992e-01, 5.023559927940368652e-01
-3.472683429718017578e-01, 9.022588133811950684e-01, 2.553923130035400391e-01
-3.914631307125091553e-01, -6.416009068489074707e-01, 6.595951914787292480e-01
2.784586250782012939e-01, 6.855360865592956543e-01, -6.726204156875610352e-01
-4.778455495834350586e-01, -8.687168359756469727e-01, -1.303075253963470459e-01
6.048405170440673828e-01, -7.549707889556884766e-01, -2.531675994396209717e-01
-9.952437877655029297e-01, -9.099665284156799316e-02, 3.294583782553672791e-02
3.912471532821655273e-01, 1.485785841941833496e-01, -9.082007408142089844e-01
-1.821080297231674194e-01, 9.824417829513549805e-01, 3.918716683983802795e-02
9.408619403839111328e-01, 2.938600778579711914e-01, -1.681992858648300171e-01
-5.410479307174682617e-01, 1.943177729845046997e-01, -8.182001113891601562e-01
-2.957481741905212402e-01, 3.358942568302154541e-01, -8.942461013793945312e-01
4.550421833992004395e-01, 6.466053128242492676e-01, 6.121875643730163574e-01
-7.174847722053527832e-01, 4.515835046768188477e-01, -5.303032398223876953e-01
-7.905469536781311035e-01, -3.148589134216308594e-01, 5.252251029014587402e-01
-8.860036730766296387e-02, -9.812215566635131836e-01, -1.710449159145355225e-01
1.256252229213714600e-01, -6.149175018072128296e-02, -9.901590347290039062e-01
-5.696424841880798340e-01, -1.239390969276428223e-01, -8.124654293060302734e-01
-6.586097478866577148e-01, -5.400496721267700195e-01, -5.239567160606384277e-01
-7.798383831977844238e-01, -1.300351470708847046e-01, 6.122915744781494141e-01
-5.265789031982421875e-01, -8.492099046707153320e-01, 3.796545416116714478e-02
2.200874090194702148e-01, 3.894850015640258789e-01, -8.943356275558471680e-01
-5.560394003987312317e-02, -5.074825882911682129e-01, 8.598525524139404297e-01
3.002645373344421387e-01, 7.756779789924621582e-01, 5.550453662872314453e-01
-1.599160134792327881e-01, -5.052956193685531616e-02, -9.858305454254150391e-01
-3.395774215459823608e-02, 9.945739507675170898e-01, -9.773390740156173706e-02
-7.705321311950683594e-01, 6.309265494346618652e-01, 9.009707719087600708e-02
-9.439201354980468750e-01, 1.016310378909111023e-01, -3.140657842159271240e-01
-5.542076230049133301e-01, -1.658328324556350708e-01, 8.156713247299194336e-01
-3.304533660411834717e-01, 6.492348313331604004e-01, 6.849882602691650391e-01
-9.713435769081115723e-01, 1.396690309047698975e-01, -1.921179443597793579e-01
6.787335872650146484e-01, -4.938149750232696533e-01, 5.435481071472167969e-01
-4.303134381771087646e-01, -2.420069873332977295e-01, -8.696101903915405273e-01
6.362696290016174316e-01, 7.626383304595947266e-01, -1.159963384270668030e-01
3.664503395557403564e-01, 3.428199887275695801e-01, -8.649728298187255859e-01
8.463277220726013184e-01, -3.102459907531738281e-01, 4.329026043415069580e-01
-1.326970309019088745e-01, 6.730245351791381836e-01, 7.275881767272949219e-01
-3.712558886036276817e-03, -8.833353519439697266e-01, -4.686584472656250000e-01
-4.797555506229400635e-01, -8.451962471008300781e-01, 2.353095412254333496e-01
-4.941388964653015137e-02, -8.041478693485260010e-02, 9.955331087112426758e-01
-1.795999146997928619e-02, 9.612210392951965332e-01, 2.751303017139434814e-01
3.066737949848175049e-01, -7.096498012542724609e-01, -6.342446208000183105e-01
-6.972754001617431641e-01, -6.542717814445495605e-01, -2.927533984184265137e-01
-4.693126082420349121e-01, 2.623501420021057129e-01, -8.431396484375000000e-01
1.788856089115142822e-01, 7.087045311927795410e-01, -6.824228763580322266e-01
-5.064010247588157654e-02, -9.745712280273437500e-01, 2.179884314537048340e-01
1.579262614250183105e-01, 8.786438107490539551e-01, -4.505066275596618652e-01
-6.192595958709716797e-01, 5.132944583892822266e-01, 5.941641330718994141e-01
7.345379590988159180e-01, 3.732321560382843018e-01, -5.666234493255615234e-01
-2.671148777008056641e-01, 9.589582681655883789e-01, 9.490575641393661499e-02
1.924615353345870972e-01, -6.914891004562377930e-01, -6.962555646896362305e-01
-1.439733803272247314e-01, -7.186733484268188477e-01, -6.802189946174621582e-01
-6.896792054176330566e-01, 4.995160102844238281e-01, 5.242151021957397461e-01
5.880993604660034180e-01, -4.206988215446472168e-01, 6.907130479812622070e-01
-4.456349834799766541e-02, -1.322362720966339111e-01, -9.902051687240600586e-01
-8.370900154113769531e-01, -5.405365228652954102e-01, -8.348999917507171631e-02
-9.913843870162963867e-01, 7.045204192399978638e-02, -1.099386066198348999e-01
-3.850390911102294922e-01, 7.327653765678405762e-01, 5.610337257385253906e-01
4.218581914901733398e-01, 9.009304046630859375e-01, 1.015134453773498535e-01
9.501923322677612305e-01, -3.092365860939025879e-01, 3.843592479825019836e-02
5.531383156776428223e-01, 3.903233706951141357e-01, 7.359482049942016602e-01
3.416277468204498291e-01, 1.101334989070892334e-01, 9.333553314208984375e-01
5.446214675903320312e-01, 7.773681879043579102e-01, -3.146790862083435059e-01
1.663382649421691895e-01, -8.677133172750473022e-02, 9.822425842285156250e-01
7.425866127014160156e-01, 5.843384861946105957e-01, 3.271725475788116455e-01
-9.505071640014648438e-01, 1.621727496385574341e-01, 2.649735510349273682e-01
3.629443049430847168e-01, -8.778610229492187500e-01, -3.123011887073516846e-01
4.115015566349029541e-01, 8.692444562911987305e-01, -2.739157676696777344e-01
4.989851415157318115e-01, 7.578707933425903320e-01, -4.202042818069458008e-01
8.227097392082214355e-01, 1.360855996608734131e-01, 5.518847703933715820e-01
8.651777505874633789e-01, 4.854861274361610413e-02, 4.990174770355224609e-01
4.987874925136566162e-01, 6.072244048118591309e-01, -6.184184551239013672e-01
5.557386875152587891e-01, 2.977924942970275879e-01, 7.761589884757995605e-01
-3.899831473827362061e-01, -4.584308564662933350e-01, -7.985591888427734375e-01
-3.846603631973266602e-01, 3.733357787132263184e-01, 8.441625237464904785e-01
4.889833331108093262e-01, -5.716562271118164062e-01, -6.588287353515625000e-01
-1.388881262391805649e-02, 7.192471027374267578e-01, 6.945873498916625977e-01
-3.592200875282287598e-01, -8.863765001296997070e-01, -2.918503880500793457e-01
9.810670614242553711e-01, 1.929446756839752197e-01, -1.341122575104236603e-02
1.214536875486373901e-01, 3.955184221267700195e-01, -9.103698730468750000e-01
-2.300699949264526367e-01, -1.210479289293289185e-01, -9.656149148941040039e-01
6.303790211677551270e-01, -5.788437128067016602e-01, 5.171750187873840332e-01
-7.806789875030517578e-01, 6.246759891510009766e-01, -1.575132831931114197e-02
-6.231684237718582153e-02, 3.243750333786010742e-01, -9.438725113868713379e-01
6.641951799392700195e-01, -6.578329205513000488e-01, 3.549886941909790039e-01
-3.054687976837158203e-01, -7.669367790222167969e-01, -5.643061995506286621e-01
-1.811016201972961426e-01, -9.239894151687622070e-01, 3.366850018501281738e-01
-5.931022167205810547e-01, 3.614329993724822998e-01, -7.194188237190246582e-01
1.593020260334014893e-01, -5.397003889083862305e-01, 8.266254067420959473e-01
2.983062267303466797e-01, -4.144876450300216675e-02, -9.535613059997558594e-01
5.596902370452880859e-01, -3.398579955101013184e-01, 7.557960748672485352e-01
3.073940873146057129e-01, 9.155949354171752930e-01, 2.589640617370605469e-01
2.443172782659530640e-01, 8.862447142601013184e-01, -3.934939801692962646e-01
2.258198559284210205e-01, 8.286820054054260254e-01, 5.120490789413452148e-01
-9.121277332305908203e-01, -8.522701263427734375e-02, -4.008067846298217773e-01
4.943100512027740479e-01, -7.252680063247680664e-01, 4.791197180747985840e-01
-3.497964143753051758e-02, 3.157640993595123291e-01, 9.481770992279052734e-01
4.301003217697143555e-01, 7.536565065383911133e-01, -4.969408214092254639e-01
1.286505609750747681e-01, 8.684267997741699219e-01, 4.788194596767425537e-01
-9.109066724777221680e-01, -3.534375429153442383e-01, -2.126643657684326172e-01
5.489022731781005859e-01, 7.990605235099792480e-01, 2.451782077550888062e-01
-2.217910736799240112e-01, 9.615169167518615723e-01, -1.619724184274673462e-01
-7.516342997550964355e-01, -5.013495683670043945e-01, -4.285349547863006592e-01
-1.844070702791213989e-01, 9.710500836372375488e-01, 1.517884433269500732e-01
1.164323091506958008e-01, 9.604181051254272461e-01, -2.528758943080902100e-01
-4.493590593338012695e-01, 8.615064620971679688e-01, 2.363074570894241333e-01
5.739435553550720215e-01, -5.469754934310913086e-01, -6.093727350234985352e-01
2.991313338279724121e-01, 9.537940621376037598e-01, -2.624830789864063263e-02
3.131824731826782227e-01, -7.597281336784362793e-01, 5.697758197784423828e-01
8.061696290969848633e-01, 5.029898881912231445e-01, -3.114039897918701172e-01
-8.258025050163269043e-01, -5.122887343168258667e-02, 5.615985393524169922e-01
8.736895322799682617e-01, -4.377008080482482910e-01, -2.121425569057464600e-01
5.783461332321166992e-01, 8.144581317901611328e-01, -4.525568336248397827e-02
-8.492799997329711914e-01, -6.500925868749618530e-02, -5.238584280014038086e-01
6.437195539474487305e-01, -7.145574688911437988e-02, -7.618888616561889648e-01
2.533400356769561768e-01, 3.965958952903747559e-01, 8.823202252388000488e-01
8.650390505790710449e-01, -3.640575706958770752e-01, 3.451836407184600830e-01
-6.123539805412292480e-01, 4.414340108633041382e-02, 7.893196344375610352e-01
6.070839762687683105e-01, -1.749333143234252930e-01, -7.751080989837646484e-01
-9.967803955078125000e-01, 5.412424914538860321e-03, 7.946423441171646118e-02
9.859800338745117188e-01, -1.512306928634643555e-01, 6.985232234001159668e-02
3.886564671993255615e-01, 7.755044698715209961e-01, 4.974677860736846924e-01
-1.058163791894912720e-01, 7.427381277084350586e-01, 6.611199378967285156e-01
-8.258476853370666504e-03, -4.281517863273620605e-01, -9.036608338356018066e-01
8.881511092185974121e-01, -2.201798260211944580e-01, 4.032667875289916992e-01
3.342944383621215820e-01, 5.712689161300659180e-01, 7.495623826980590820e-01
6.417241692543029785e-02, -5.151829719543457031e-01, 8.546686172485351562e-01
6.105914115905761719e-01, 1.159462183713912964e-01, 7.833985090255737305e-01
6.589073687791824341e-02, -6.825871467590332031e-01, 7.277876138687133789e-01
-6.868846416473388672e-01, -5.806576013565063477e-01, -4.369286298751831055e-01
9.268728494644165039e-01, 2.243385612964630127e-01, 3.007596135139465332e-01
-1.222557350993156433e-01, 9.808954000473022461e-01, -1.511736959218978882e-01
4.446148276329040527e-01, -7.944005727767944336e-01, 4.137102365493774414e-01
-9.884684085845947266e-01, -2.766961231827735901e-02, -1.484741419553756714e-01
-6.301295757293701172e-01, 5.488144159317016602e-01, -5.492533445358276367e-01
6.892403364181518555e-01, 5.936247706413269043e-01, 4.153608381748199463e-01
-6.537483930587768555e-01, -7.436361908912658691e-01, -1.396253705024719238e-01
-9.797779470682144165e-02, 8.174136281013488770e-01, -5.675910711288452148e-01
-4.859707951545715332e-01, -7.187212705612182617e-01, 4.971857070922851562e-01
7.823118567466735840e-01, -6.913217902183532715e-02, 6.190003752708435059e-01
-7.245416641235351562e-01, 6.591914892196655273e-01, -2.010321021080017090e-01
8.996514230966567993e-02, 3.261736780405044556e-02, -9.954027533531188965e-01
-9.720211029052734375e-01, 6.721419095993041992e-02, 2.248549163341522217e-01
-8.400341868400573730e-02, 2.211753875017166138e-01, 9.715938568115234375e-01
4.968082308769226074e-01, 8.362023830413818359e-01, -2.320073246955871582e-01
1.077330186963081360e-01, -1.756343543529510498e-01, 9.785295724868774414e-01
-4.844372272491455078e-01, 7.765314579010009766e-01, -4.027764797210693359e-01
-4.367487132549285889e-01, -7.843223810195922852e-01, -4.404678642749786377e-01
5.675065517425537109e-02, 9.972603321075439453e-01, -4.640489816665649414e-02
1.281011402606964111e-01, -4.449019730091094971e-01, 8.863508105278015137e-01
-3.384798020124435425e-02, -5.143254399299621582e-01, -8.569024205207824707e-01
9.094883203506469727e-01, -1.618579030036926270e-01, -3.828020095825195312e-01
4.924387633800506592e-01, 8.670900464057922363e-01, -7.442045211791992188e-02
-7.930542230606079102e-01, 8.631938695907592773e-02, 6.029645800590515137e-01
9.955186843872070312e-01, 1.608824916183948517e-02, 9.265872836112976074e-02
-4.595948457717895508e-01, 6.075853109359741211e-01, -6.477342844009399414e-01
2.081511020660400391e-01, 9.490149617195129395e-01, 2.365041375160217285e-01
4.824529290199279785e-01, 1.506063640117645264e-01, -8.628463745117187500e-01
-6.637867689132690430e-01, -1.624379307031631470e-01, 7.300158739089965820e-01
8.351019620895385742e-01, 4.864237308502197266e-01, 2.567417621612548828e-01
7.328960299491882324e-01, -4.093350172042846680e-01, 5.433521270751953125e-01
-5.488955974578857422e-01, -8.331075906753540039e-01, -6.762748956680297852e-02
1.320867687463760376e-01, 5.467035770416259766e-01, 8.268184065818786621e-01
2.953987717628479004e-01, -8.698493242263793945e-01, 3.949764072895050049e-01
5.807095766067504883e-01, -1.679084300994873047e-01, 7.965735197067260742e-01
4.230103790760040283e-01, 5.244659185409545898e-01, -7.388645410537719727e-01
2.979921698570251465e-01, 1.732061058282852173e-01, -9.387070536613464355e-01
-5.249655246734619141e-01, -8.130286335945129395e-01, -2.515557408332824707e-01
2.422275394201278687e-01, -8.916933536529541016e-01, -3.822402954101562500e-01
-1.663007438182830811e-01, 9.214093685150146484e-01, -3.510299324989318848e-01
3.942209780216217041e-01, 4.290004968643188477e-01, -8.127081394195556641e-01
5.574077367782592773e-01, -1.007500067353248596e-01, -8.240699768066406250e-01
1.566521972417831421e-01, -9.272223114967346191e-01, -3.401408195495605469e-01
1.504105478525161743e-01, 7.777838110923767090e-01, -6.102460026741027832e-01
-2.473409473896026611e-01, 9.236837625503540039e-01, -2.924125790596008301e-01
-8.449314832687377930e-01, -2.360978424549102783e-01, 4.799335002899169922e-01
3.314451873302459717e-01, 9.409090280532836914e-01, 6.897540390491485596e-02
-8.882104754447937012e-01, 1.776819815859198570e-03, -4.594052135944366455e-01
-2.789627313613891602e-01, 2.431281805038452148e-01, -9.290052652359008789e-01
4.547474682331085205e-01, 4.720135033130645752e-02, -8.893572092056274414e-01
6.344017982482910156e-01, 1.299601942300796509e-01, -7.619673013687133789e-01
3.057307004928588867e-01, -5.429143905639648438e-01, -7.821301221847534180e-01
-6.590041518211364746e-01, 7.321210503578186035e-01, -1.723384261131286621e-01
4.753876104950904846e-02, -8.132271766662597656e-01, 5.799376964569091797e-01
3.612421825528144836e-02, 8.396736979484558105e-01, 5.418774485588073730e-01
6.416994929313659668e-01, -3.321563303470611572e-01, 6.912605166435241699e-01
7.159863114356994629e-01, -6.126589775085449219e-01, -3.345827460289001465e-01
-3.031710088253021240e-01, -1.720032393932342529e-01, 9.372748732566833496e-01
2.628799676895141602e-01, -9.142949581146240234e-01, 3.079663813114166260e-01
3.408834338188171387e-01, -2.871849834918975830e-01, 8.951575756072998047e-01
-3.555198013782501221e-01, -8.419936299324035645e-01, 4.057114720344543457e-01
-8.020639419555664062e-01, 2.107098102569580078e-01, -5.587821006774902344e-01
-3.143212497234344482e-01, 4.254928827285766602e-01, -8.485958576202392578e-01
-7.638157159090042114e-02, 9.073358178138732910e-01, 4.133924245834350586e-01
9.384316205978393555e-02, -6.058825254440307617e-01, 7.899671792984008789e-01
3.224710226058959961e-01, -9.432542324066162109e-01, 7.878616452217102051e-02
1.304007321596145630e-02, 2.493776679039001465e-01, -9.683105945587158203e-01
4.132217168807983398e-01, 6.123585700988769531e-01, -6.739456653594970703e-01
-2.062942236661911011e-01, 7.422546148300170898e-01, 6.375371217727661133e-01
7.845602631568908691e-01, 5.734788179397583008e-01, 2.356275916099548340e-01
-8.750984072685241699e-02, -8.524522781372070312e-01, 5.153933763504028320e-01
4.761819168925285339e-02, 4.629388749599456787e-01, -8.851053714752197266e-01
-6.054440140724182129e-01, 2.497344911098480225e-01, 7.556631565093994141e-01
-8.298517465591430664e-01, 5.538174510002136230e-01, -6.772718578577041626e-02
-1.354475617408752441e-01, 3.930667042732238770e-01, -9.094660282135009766e-01
1.552930772304534912e-01, 3.868793845176696777e-01, 9.089497327804565430e-01
2.573103904724121094e-01, -1.907016932964324951e-01, -9.473154544830322266e-01
-6.974002122879028320e-01, -4.770993888378143311e-01, 5.347054600715637207e-01
-9.789119958877563477e-01, 1.955723166465759277e-01, 5.807552114129066467e-02
-8.175680413842201233e-03, -8.299790620803833008e-01, -5.576605796813964844e-01
3.542412221431732178e-01, -8.995928168296813965e-01, 2.553490698337554932e-01
5.042832493782043457e-01, -4.420728385448455811e-01, 7.417654991149902344e-01
7.667559981346130371e-01, -5.293058156967163086e-01, -3.631312251091003418e-01
2.791162133216857910e-01, 9.462294578552246094e-01, 1.632273048162460327e-01
5.170143246650695801e-01, -6.336156129837036133e-01, -5.754598975181579590e-01
7.478190064430236816e-01, 6.463528275489807129e-01, -1.515965759754180908e-01
-6.934912502765655518e-02, -6.776933558285236359e-03, -9.975574016571044922e-01
-4.878655076026916504e-01, 6.695093512535095215e-01, 5.601088404655456543e-01
7.042438983917236328e-01, -5.486313104629516602e-01, -4.505103528499603271e-01
-1.807084977626800537e-01, -9.819842576980590820e-01, 5.416441708803176880e-02
7.462779283523559570e-01, -6.618442535400390625e-01, 7.009240984916687012e-02
-2.105340659618377686e-01, 5.337280035018920898e-01, -8.190206289291381836e-01
-2.770990133285522461e-01, -9.573066234588623047e-01, 8.152186125516891479e-02
-2.737079858779907227e-01, -8.687066435813903809e-01, -4.127271175384521484e-01
-7.984327673912048340e-01, -2.263351529836654663e-02, -6.015957593917846680e-01
3.824037611484527588e-01, -8.315831422805786133e-01, -4.026595950126647949e-01
-9.049244523048400879e-01, 3.850420713424682617e-01, -1.810028254985809326e-01
-2.083525061607360840e-01, -1.543049067258834839e-01, 9.657996892929077148e-01
-7.574372291564941406e-01, -2.135458588600158691e-01, -6.169527173042297363e-01
5.930428504943847656e-01, -3.768299520015716553e-01, -7.115391492843627930e-01
9.898719787597656250e-01, 1.134227663278579712e-01, -8.459603041410446167e-02
-7.935181856155395508e-01, -3.773273229598999023e-01, -4.773727655410766602e-01
-9.299293160438537598e-01, -2.308126986026763916e-01, 2.860909700393676758e-01
-1.715784370899200439e-01, -9.198813438415527344e-01, -3.525469005107879639e-01
1.398912370204925537e-01, 9.125326275825500488e-01, 3.842428922653198242e-01
-6.683277487754821777e-01, -6.536881327629089355e-01, 3.549805581569671631e-01
-7.413738369941711426e-01, 5.583056807518005371e-01, -3.722721636295318604e-01
-9.872771799564361572e-02, -6.338518261909484863e-01, -7.670880556106567383e-01
-6.391167044639587402e-01, 4.679742753505706787e-01, -6.103256344795227051e-01
-8.878971934318542480e-01, -3.042254447937011719e-01, 3.449849784374237061e-01
-2.239275723695755005e-01, -7.151563763618469238e-01, 6.620582938194274902e-01
-6.016595363616943359e-01, -7.287675738334655762e-01, 3.269131481647491455e-01
-2.069383859634399414e-01, 5.105012059211730957e-01, 8.345671892166137695e-01
6.409301161766052246e-01, 3.008709251880645752e-01, 7.061658501625061035e-01
9.063234329223632812e-01, -2.576362788677215576e-01, -3.348578512668609619e-01
7.991002798080444336e-01, -5.276820659637451172e-01, 2.879590392112731934e-01
2.739323377609252930e-01, 9.529514312744140625e-01, -1.293428242206573486e-01
3.900789916515350342e-01, -8.531412482261657715e-01, 3.462364673614501953e-01
9.095227718353271484e-01, 3.138437271118164062e-01, -2.724075615406036377e-01
-3.924290537834167480e-01, -4.936826527118682861e-01, 7.760537862777709961e-01
7.253209352493286133e-01, 4.547305107116699219e-01, 5.167664885520935059e-01
5.729401111602783203e-01, 2.077712714672088623e-01, -7.927869558334350586e-01
2.158446907997131348e-01, -3.126273155212402344e-01, -9.250178337097167969e-01
9.896202087402343750e-01, -1.320493221282958984e-01, -5.570222437381744385e-02
-7.019045948982238770e-01, -2.906562685966491699e-01, -6.502145528793334961e-01
6.564942598342895508e-01, 7.542608976364135742e-01, -4.911965224891901016e-03
-4.790230393409729004e-01, 4.805422425270080566e-01, 7.345488071441650391e-01
9.399628639221191406e-01, -2.559962570667266846e-01, 2.254515290260314941e-01
-1.722093373537063599e-01, 2.209510505199432373e-01, -9.599570035934448242e-01
-3.811029195785522461e-01, -6.223633140325546265e-02, 9.224193096160888672e-01
8.484265804290771484e-01, 4.807385802268981934e-01, -2.212252318859100342e-01
8.870282769203186035e-01, 1.760780215263366699e-01, -4.266923666000366211e-01
6.555591821670532227e-01, -6.327584981918334961e-01, -4.120426774024963379e-01
8.445410728454589844e-01, 3.025143742561340332e-01, 4.417546987533569336e-01
-5.660544633865356445e-01, -3.897957801818847656e-01, -7.263574600219726562e-01
9.171245694160461426e-01, 3.123022913932800293e-01, 2.474425733089447021e-01
-9.492857456207275391e-01, -2.055494785308837891e-01, -2.377337515354156494e-01
7.859628200531005859e-01, 5.738433003425598145e-01, -2.299834042787551880e-01
8.782275319099426270e-01, 1.160864252597093582e-02, -4.780118465423583984e-01
-2.480861842632293701e-01, -3.040735125541687012e-01, -9.197567701339721680e-01
6.748031377792358398e-01, -6.855763196945190430e-01, -2.730804383754730225e-01
-7.721065878868103027e-01, -1.015463005751371384e-02, 6.353625655174255371e-01
7.425313591957092285e-01, 5.098268985748291016e-01, 4.343156814575195312e-01
-9.389927387237548828e-01, 2.073652297258377075e-01, -2.742104530334472656e-01
-6.069371700286865234e-01, 7.818742990493774414e-01, 1.420737802982330322e-01
2.638143673539161682e-02, 6.232990622520446777e-01, -7.815315127372741699e-01
-6.695662438869476318e-02, 1.176024153828620911e-01, 9.907990694046020508e-01
6.886761188507080078e-01, 5.754944086074829102e-01, -4.409795403480529785e-01
3.997027873992919922e-01, -2.041827887296676636e-01, -8.935916423797607422e-01
-8.943340182304382324e-01, -2.115637362003326416e-01, 3.941674530506134033e-01
-6.978479027748107910e-01, -1.686680912971496582e-01, -6.960570812225341797e-01
-6.984860636293888092e-03, 7.034850716590881348e-01, -7.106246352195739746e-01
9.871013164520263672e-01, -7.118532061576843262e-02, 1.429767608642578125e-01
-4.912020266056060791e-01, -4.680025577545166016e-01, 7.346043586730957031e-01
-1.010946277529001236e-02, -9.707347154617309570e-01, -2.396593838930130005e-01
-6.499816775321960449e-01, -4.650928974151611328e-01, -6.009446382522583008e-01
-2.719271183013916016e-01, 8.145107030868530273e-01, -5.123777389526367188e-01
-8.648925423622131348e-01, -4.278355836868286133e-01, -2.624211311340332031e-01
7.453534603118896484e-01, -4.544664025306701660e-01, -4.877226352691650391e-01
-9.219816327095031738e-01, -4.736386239528656006e-02, 3.842056989669799805e-01
9.548068046569824219e-03, 7.833926677703857422e-01, 6.213794946670532227e-01
-8.891631364822387695e-01, -4.139915108680725098e-01, 1.947432309389114380e-01
-3.887560963630676270e-01, -9.159710407257080078e-01, -9.896541386842727661e-02
5.450471043586730957e-01, 7.549616694450378418e-01, 3.645723760128021240e-01
7.795569896697998047e-01, 2.942498624324798584e-01, 5.528482198715209961e-01
3.661283850669860840e-01, 9.253317117691040039e-01, -9.847130626440048218e-02
3.256175816059112549e-01, -4.498436450958251953e-01, -8.316170573234558105e-01
7.779245376586914062e-01, -5.944066047668457031e-01, 2.036096304655075073e-01
-3.271087110042572021e-01, 2.341068908572196960e-02, 9.446831345558166504e-01
2.932127416133880615e-01, 8.285758495330810547e-01, -4.768684506416320801e-01
-3.682380020618438721e-01, -4.145215749740600586e-01, 8.321814537048339844e-01
-7.714606523513793945e-01, -3.046865165233612061e-01, -5.585694313049316406e-01
3.223234415054321289e-01, -4.608840346336364746e-01, 8.268412351608276367e-01
-2.338069379329681396e-01, 6.690926551818847656e-01, 7.054378390312194824e-01
9.588047116994857788e-02, 4.639692604541778564e-01, 8.806288242340087891e-01
4.316600263118743896e-01, -6.489170193672180176e-01, -6.265453696250915527e-01
-3.501060009002685547e-01, 7.516059279441833496e-01, -5.589897036552429199e-01
-9.296653270721435547e-01, 2.949820756912231445e-01, -2.204351425170898438e-01
8.578984737396240234e-01, 4.904952943325042725e-01, 1.527768969535827637e-01
1.569065451622009277e-01, -1.956812590360641479e-01, -9.680210947990417480e-01
3.904309868812561035e-01, 8.719201087951660156e-01, 2.954235970973968506e-01
6.123641133308410645e-01, -2.523258626461029053e-01, 7.491931915283203125e-01
-4.017145633697509766e-01, -8.947966098785400391e-01, 1.946734189987182617e-01
4.284535646438598633e-01, -8.727982044219970703e-01, -2.336224615573883057e-01
8.648493289947509766e-01, -4.931642115116119385e-01, 9.331405907869338989e-02
-9.402127861976623535e-01, 3.392310738563537598e-01, 2.821603976190090179e-02
-3.547815978527069092e-01, -6.959721446037292480e-01, -6.242256164550781250e-01
4.204678237438201904e-01, -4.707861542701721191e-01, -7.755879759788513184e-01
2.240638434886932373e-01, -4.655941724777221680e-01, 8.561332821846008301e-01
4.032110571861267090e-01, -1.875460445880889893e-01, 8.956710696220397949e-01
-2.411135286092758179e-01, 3.288456499576568604e-01, 9.130733013153076172e-01
-8.636162281036376953e-01, 2.304990291595458984e-01, -4.482589960098266602e-01
-1.787804514169692993e-01, 8.493093848228454590e-01, -4.966671168804168701e-01
3.082950115203857422e-01, -7.822884917259216309e-01, -5.412569642066955566e-01
3.278644680976867676e-01, 6.046888232231140137e-01, -7.258083820343017578e-01
-3.715310990810394287e-01, -1.726597547531127930e-01, -9.122028350830078125e-01
-4.477763175964355469e-01, -5.556955337524414062e-01, 7.004467248916625977e-01
-8.699661493301391602e-01, 4.436741173267364502e-01, 2.149295359849929810e-01
1.839480251073837280e-01, 9.276974201202392578e-01, -3.247351348400115967e-01
8.387971520423889160e-01, 2.194553315639495850e-01, 4.981825649738311768e-01
-4.156849682331085205e-01, 7.694776654243469238e-01, -4.847792387008666992e-01
-6.328072547912597656e-01, 3.344245553016662598e-01, 6.983361840248107910e-01
-3.978980183601379395e-01, -7.484725117683410645e-01, -5.304471254348754883e-01
-5.340895652770996094e-01, -6.418986916542053223e-01, -5.501619577407836914e-01
8.344461768865585327e-02, -8.531539440155029297e-01, -5.148684382438659668e-01
-8.131436109542846680e-01, -4.299014210700988770e-01, -3.923084437847137451e-01
-1.953312754631042480e-01, -3.912333846092224121e-01, -8.993139266967773438e-01
3.240554928779602051e-01, 2.099553048610687256e-01, 9.224282503128051758e-01
5.900153517723083496e-01, 5.088406205177307129e-01, -6.268604993820190430e-01
8.066715598106384277e-01, 5.760371088981628418e-01, 1.317272335290908813e-01
5.806075930595397949e-01, 5.915837287902832031e-01, -5.593886375427246094e-01
5.758429318666458130e-02, 7.567009925842285156e-01, -6.511718034744262695e-01
5.036343336105346680e-01, -8.507819175720214844e-01, -1.496714949607849121e-01
1.417538225650787354e-01, 1.069160401821136475e-01, 9.841096401214599609e-01
4.628733098506927490e-01, -6.777896881103515625e-01, 5.711801052093505859e-01
-7.658569216728210449e-01, 3.425343036651611328e-01, 5.441374778747558594e-01
3.732815384864807129e-01, -6.904990673065185547e-01, 6.195151805877685547e-01
4.925580620765686035e-01, -8.563190102577209473e-01, 1.550677716732025146e-01
-2.165881991386413574e-01, -6.013462543487548828e-01, 7.690442204475402832e-01
4.721330702304840088e-01, -3.657366633415222168e-01, 8.020461201667785645e-01
-5.043361186981201172e-01, -6.018805503845214844e-01, 6.191337108612060547e-01
-7.835774421691894531e-01, -6.198171973228454590e-01, -4.224120825529098511e-02
3.488475084304809570e-01, -1.251831352710723877e-01, -9.287645816802978516e-01
-8.784478306770324707e-01, -4.740797281265258789e-01, 5.882361531257629395e-02
9.418538212776184082e-01, 2.198150604963302612e-01, -2.541083395481109619e-01
7.878056764602661133e-01, -3.215762972831726074e-01, 5.252250432968139648e-01
-3.873502612113952637e-01, 2.296069562435150146e-01, -8.928593397140502930e-01
-1.070489883422851562e-01, -3.535332679748535156e-01, -9.292715191841125488e-01
6.398757696151733398e-01, 3.680868744850158691e-01, -6.745775938034057617e-01
-7.280540466308593750e-01, 5.323071479797363281e-01, 4.319035410881042480e-01
-2.672503292560577393e-01, -2.652913033962249756e-01, 9.263691902160644531e-01
-1.010341942310333252e-01, -5.973863005638122559e-01, 7.955677509307861328e-01
-1.170895621180534363e-01, 9.384245872497558594e-01, 3.249950110912322998e-01
8.100457191467285156e-01, -5.757460594177246094e-01, 1.105878055095672607e-01
-2.879702448844909668e-01, 6.017922759056091309e-01, -7.448805570602416992e-01
3.980149626731872559e-01, 4.883750677108764648e-01, 7.765429019927978516e-01
5.647090673446655273e-01, 4.307856857776641846e-01, -7.039133310317993164e-01
5.569729208946228027e-01, -8.279188871383666992e-01, -6.494094431400299072e-02
2.169873118400573730e-01, 6.612395867705345154e-03, 9.761440753936767578e-01
2.146195918321609497e-01, 7.604983448982238770e-01, 6.128001213073730469e-01
-8.310269117355346680e-01, -4.930283427238464355e-01, 2.572888731956481934e-01
-7.714210748672485352e-01, -5.832820534706115723e-01, -2.542704045772552490e-01
-9.852343797683715820e-01, -1.091808825731277466e-01, 1.315516978502273560e-01
1.508376747369766235e-01, 6.274240612983703613e-01, 7.638944387435913086e-01
3.152719885110855103e-02, 9.938469529151916504e-02, 9.945501089096069336e-01
-5.622798204421997070e-01, 4.556106925010681152e-01, -6.900708079338073730e-01
8.103384375572204590e-01, 3.648589253425598145e-01, -4.584293663501739502e-01
-3.419026434421539307e-01, -8.114796876907348633e-01, -4.738883078098297119e-01
-2.734682559967041016e-01, -8.898299932479858398e-01, 3.651548624038696289e-01
1.536938846111297607e-01, -8.253039717674255371e-01, 5.433132052421569824e-01
8.233054876327514648e-01, 5.499949455261230469e-01, -1.400647610425949097e-01
5.726570487022399902e-01, 4.872072041034698486e-01, 6.592665910720825195e-01
-7.409431934356689453e-01, -5.715125203132629395e-01, -3.525131940841674805e-01
6.359116435050964355e-01, -7.677540183067321777e-01, -7.846993952989578247e-02
-8.556701540946960449e-01, 5.000455379486083984e-01, 1.329820603132247925e-01
9.766814708709716797e-01, -1.869358122348785400e-03, 2.145737111568450928e-01
6.184145212173461914e-01, 6.795232295989990234e-01, 3.946361839771270752e-01
1.450567841529846191e-01, -2.705009579658508301e-01, 9.517114162445068359e-01
-8.456171154975891113e-01, 4.293714463710784912e-01, 3.169568181037902832e-01
-5.972137451171875000e-01, 7.281214594841003418e-01, 3.362960219383239746e-01
-8.735012412071228027e-01, 4.866982102394104004e-01, -3.998138941824436188e-03
4.453269243240356445e-01, -8.576728105545043945e-01, 2.569223642349243164e-01
2.547059357166290283e-01, 7.577984929084777832e-01, -6.006461381912231445e-01
-2.360552549362182617e-01, 8.768718838691711426e-01, -4.186338782310485840e-01
-5.853051543235778809e-01, 1.550514698028564453e-01, 7.958250045776367188e-01
-4.709582030773162842e-01, 1.445327401161193848e-01, -8.702219724655151367e-01
6.110740900039672852e-01, -7.913235425949096680e-01, 1.674944721162319183e-02
-9.138919115066528320e-01, 4.031704664230346680e-01, -4.669841006398200989e-02
5.233302712440490723e-01, -2.489373534917831421e-01, 8.149331808090209961e-01
2.896633185446262360e-02, -4.322975277900695801e-01, 9.012429714202880859e-01
6.060323715209960938e-01, -2.762297987937927246e-01, -7.458851933479309082e-01
-9.163512587547302246e-01, 3.641575574874877930e-01, 1.662377417087554932e-01
-9.007271528244018555e-01, 2.798516452312469482e-01, -3.320423364639282227e-01
-2.505364120006561279e-01, -9.333205819129943848e-01, 2.569587826728820801e-01
8.177759647369384766e-01, 4.298624098300933838e-01, -3.826459050178527832e-01
4.871379733085632324e-01, 8.728338479995727539e-01, 2.741490304470062256e-02
-9.103202819824218750e-01, 1.848410069942474365e-01, -3.701730370521545410e-01
-7.928844690322875977e-01, 4.639901816844940186e-01, 3.949236273765563965e-01
6.879945993423461914e-01, -7.255972027778625488e-01, 8.442124351859092712e-03
1.877287924289703369e-01, -3.546814024448394775e-01, 9.159241914749145508e-01
9.326082468032836914e-01, -3.272640109062194824e-01, 1.519863009452819824e-01
7.992452383041381836e-02, -9.559346437454223633e-01, -2.824295163154602051e-01
8.361865878105163574e-01, -5.128540992736816406e-01, 1.941320598125457764e-01
-7.795666456222534180e-01, -4.037319421768188477e-01, 4.787741005420684814e-01
7.863537073135375977e-01, -6.060026288032531738e-01, -1.195793151855468750e-01
-3.095707893371582031e-01, -8.095109462738037109e-01, 4.987549483776092529e-01
9.363157749176025391e-01, 3.210731744766235352e-01, 1.419173032045364380e-01
2.261096388101577759e-01, 5.624279975891113281e-01, 7.953138351440429688e-01
2.867440283298492432e-01, -6.235461235046386719e-01, 7.272680997848510742e-01
-5.638710409402847290e-02, -2.508061826229095459e-01, 9.663785099983215332e-01
-5.407989621162414551e-01, 3.248127400875091553e-01, 7.758883237838745117e-01
-4.594891667366027832e-01, -1.406284123659133911e-01, -8.769593238830566406e-01
-9.943140149116516113e-01, 1.046024411916732788e-01, 1.935306191444396973e-02
6.581714153289794922e-01, 7.273952364921569824e-01, 1.940529942512512207e-01
1.224384605884552002e-01, -9.792196154594421387e-01, -1.615935415029525757e-01
-4.638541936874389648e-01, -6.010379642248153687e-03, 8.858762383460998535e-01
7.961543798446655273e-01, -4.014920294284820557e-01, 4.525983035564422607e-01
-4.327256381511688232e-01, -7.853302359580993652e-01, 4.426902234554290771e-01
7.049718499183654785e-01, 3.874270617961883545e-01, 5.940599441528320312e-01
9.128904342651367188e-01, 5.075678229331970215e-02, 4.049104452133178711e-01
1.727958023548126221e-01, -4.012727141380310059e-01, -8.994953632354736328e-01
5.153053998947143555e-01, 5.689476132392883301e-01, 6.408556699752807617e-01
-1.679193675518035889e-01, -2.471122145652770996e-01, 9.543178081512451172e-01
9.030443429946899414e-01, 2.446003258228302002e-01, -3.529430627822875977e-01
-6.315625905990600586e-01, 7.747911214828491211e-01, 2.681222558021545410e-02
-8.669744133949279785e-01, -4.014364778995513916e-01, 2.951505184173583984e-01
-3.707060515880584717e-01, -8.461530804634094238e-01, -3.827799856662750244e-01
-8.882937431335449219e-01, -1.215580031275749207e-01, 4.427835941314697266e-01
5.491806268692016602e-01, -7.178273797035217285e-02, 8.325914144515991211e-01
4.921402335166931152e-01, 4.783532023429870605e-01, 7.272861599922180176e-01
-1.582371890544891357e-01, -2.669220566749572754e-01, -9.506307244300842285e-01
2.016320526599884033e-01, 4.788369536399841309e-01, 8.544369935989379883e-01
-1.169499307870864868e-01, -9.840077161788940430e-01, 1.339103877544403076e-01
-7.875877618789672852e-01, -5.974861383438110352e-01, -1.506601721048355103e-01
1.760224252939224243e-01, -8.709419369697570801e-01, -4.586695730686187744e-01
-8.069015741348266602e-01, -5.799087285995483398e-01, 1.118871420621871948e-01
5.065730810165405273e-01, -4.871797561645507812e-01, -7.113168239593505859e-01
8.813304901123046875e-01, 1.402715146541595459e-01, 4.510945677757263184e-01
-1.104624345898628235e-01, 8.954935669898986816e-01, -4.310827255249023438e-01
6.758095622062683105e-01, 7.113216519355773926e-01, -1.929316222667694092e-01
3.048977255821228027e-01, -3.643065392971038818e-01, -8.799318075180053711e-01
9.519280791282653809e-01, -2.934073209762573242e-01, -8.740511536598205566e-02
-5.318241715431213379e-01, 7.003571838140487671e-02, 8.439282178878784180e-01
7.132244110107421875e-01, -6.817101240158081055e-01, 1.627090275287628174e-01
5.292277336120605469e-01, -5.131456851959228516e-01, 6.756846904754638672e-01
-1.123005151748657227e-01, -3.305821716785430908e-01, 9.370661973953247070e-01
-2.190848886966705322e-01, -5.680805444717407227e-01, -7.932401299476623535e-01
4.646081328392028809e-01, 8.554476499557495117e-01, 2.285543084144592285e-01
-6.151114106178283691e-01, -6.446962356567382812e-01, 4.537588953971862793e-01
1.395311579108238220e-02, 1.975536346435546875e-01, 9.801898002624511719e-01
1.367232352495193481e-01, 6.093289256095886230e-01, -7.810034751892089844e-01
-8.375322073698043823e-02, -9.959936141967773438e-01, 3.088973090052604675e-02
-8.805057406425476074e-01, -2.476865611970424652e-02, 4.732816219329833984e-01
6.303327679634094238e-01, 3.944953978061676025e-01, 6.685752868652343750e-01
-5.883931517601013184e-01, -5.633611679077148438e-01, 5.799297094345092773e-01
8.097679615020751953e-01, 3.119522705674171448e-02, 5.858741998672485352e-01
2.514485120773315430e-01, -6.234966516494750977e-01, -7.402420043945312500e-01
-1.978116184473037720e-01, 3.139059543609619141e-01, -9.286057949066162109e-01
-4.371614158153533936e-01, -8.715200424194335938e-01, -2.219320237636566162e-01
-1.600121706724166870e-01, 5.926478505134582520e-01, 7.893784046173095703e-01
6.540322303771972656e-02, -9.229770898818969727e-01, 3.791027963161468506e-01
-4.679462909698486328e-01, 8.603662848472595215e-01, -2.017797976732254028e-01
-3.238977491855621338e-01, 6.639406681060791016e-01, -6.739568710327148438e-01
-9.537779688835144043e-01, -2.957755029201507568e-01, 5.189494416117668152e-02
-8.702231645584106445e-01, 3.289360404014587402e-01, 3.666270375251770020e-01
4.577360451221466064e-01, 8.172630667686462402e-01, -3.499156236648559570e-01
8.612323403358459473e-01, 4.044266045093536377e-01, 3.077074885368347168e-01
2.066601961851119995e-01, 9.767431020736694336e-01, -5.680570006370544434e-02
-3.590945899486541748e-01, -9.331992268562316895e-01, 7.782993838191032410e-03
9.557530283927917480e-02, -9.932680130004882812e-01, -6.440557539463043213e-02
6.322659254074096680e-01, -8.270278573036193848e-02, 7.702941298484802246e-01
8.480379581451416016e-01, 5.278660655021667480e-01, -4.546042531728744507e-02
-1.252602972090244293e-02, -3.228786289691925049e-01, -9.463427066802978516e-01
-5.237694978713989258e-01, 8.359287977218627930e-01, 1.636980921030044556e-01
-7.638875395059585571e-02, 6.018174290657043457e-01, -7.949736118316650391e-01
2.690115571022033691e-01, 7.776406407356262207e-02, -9.599878191947937012e-01
1.934383958578109741e-01, -9.779100418090820312e-01, -7.859537005424499512e-02
4.002072215080261230e-01, -5.583924055099487305e-01, -7.266259193420410156e-01
-4.901318252086639404e-01, -7.169792056083679199e-01, -4.956027567386627197e-01
-3.709116578102111816e-01, 9.152389168739318848e-01, 1.569503992795944214e-01
-8.486006259918212891e-01, -3.088782429695129395e-01, -4.293824434280395508e-01
4.013815224170684814e-01, -3.844710290431976318e-01, -8.312806487083435059e-01
5.064041018486022949e-01, 2.253504544496536255e-01, 8.323200941085815430e-01
-6.470223665237426758e-01, -6.601355671882629395e-01, -3.815186619758605957e-01
8.605294823646545410e-01, 1.084616258740425110e-01, -4.977052807807922363e-01
-8.371630907058715820e-01, -3.281787037849426270e-01, 4.374769330024719238e-01
-9.996358156204223633e-01, 1.082180999219417572e-02, -2.198892645537853241e-02
-4.485749602317810059e-01, -8.935019969940185547e-01, -1.835400611162185669e-02
-5.060196295380592346e-02, 4.440029561519622803e-01, -8.945822715759277344e-01
-6.292996406555175781e-01, -2.942287027835845947e-01, -7.192929387092590332e-01
7.555218935012817383e-01, -5.352094769477844238e-01, 3.776569962501525879e-01
8.039114475250244141e-01, -3.654199242591857910e-01, -4.691563248634338379e-01
-1.935426294803619385e-01, 8.979631662368774414e-01, 3.951480090618133545e-01
-7.218282222747802734e-01, -6.867148876190185547e-01, -8.524717390537261963e-02
-4.670577943325042725e-01, 1.452223956584930420e-01, 8.721930384635925293e-01
-7.385870814323425293e-02, 1.973737031221389771e-01, -9.775304794311523438e-01
-6.677737236022949219e-01, 3.758867383003234863e-01, -6.424210071563720703e-01
-6.318146586418151855e-01, -4.758815467357635498e-01, 6.117963790893554688e-01
-9.753983020782470703e-01, -2.007770240306854248e-01, 9.045335650444030762e-02
-3.532637953758239746e-01, -5.772669911384582520e-01, 7.361460328102111816e-01
7.735775709152221680e-01, -1.056254431605339050e-01, -6.247590780258178711e-01
-1.519619375467300415e-01, 8.640629053115844727e-01, 4.798140823841094971e-01
-6.445817947387695312e-01, 7.606948018074035645e-01, -7.570625096559524536e-02
-1.346773356199264526e-01, -8.947057723999023438e-01, 4.257888197898864746e-01
7.270298898220062256e-02, 9.760391712188720703e-01, 2.048065513372421265e-01
2.600958347320556641e-01, -9.655141830444335938e-01, -3.064870368689298630e-03
-4.585058689117431641e-01, 7.405752539634704590e-01, 4.911342263221740723e-01
-3.650515079498291016e-01, -2.527420222759246826e-01, 8.960119485855102539e-01
6.086053848266601562e-01, -7.098802328109741211e-01, -3.544141650199890137e-01
-4.655909240245819092e-01, -3.331019878387451172e-01, -8.199036717414855957e-01
-9.009896516799926758e-01, 4.261853694915771484e-01, 8.080739527940750122e-02
-5.454998016357421875e-01, -6.461004018783569336e-01, 5.337545871734619141e-01
3.585695624351501465e-01, 4.112558364868164062e-01, 8.380113840103149414e-01
-5.649141073226928711e-01, 5.368605852127075195e-01, -6.265686750411987305e-01
9.828268885612487793e-01, 8.612836897373199463e-02, 1.629972010850906372e-01
9.987959861755371094e-01, 2.161200717091560364e-02, -4.350738972425460815e-02
-7.215909957885742188e-01, -2.067052125930786133e-01, 6.606857776641845703e-01
7.352875471115112305e-01, 6.774374246597290039e-01, 1.752110384404659271e-02
-5.487661361694335938e-01, 7.046257257461547852e-01, -4.497385919094085693e-01
-4.673865064978599548e-02, -7.083514928817749023e-01, -7.042830586433410645e-01
-5.349903106689453125e-01, 6.461112201213836670e-02, -8.423604369163513184e-01
6.774782538414001465e-01, 7.298742532730102539e-01, 9.056635946035385132e-02
2.686856314539909363e-02, 9.519895911216735840e-01, -3.048022389411926270e-01
5.424129962921142578e-01, -7.170262932777404785e-01, -4.377328157424926758e-01
-7.715611457824707031e-01, 4.758653640747070312e-01, -4.220905303955078125e-01
8.706313371658325195e-01, -1.359508633613586426e-01, 4.726681709289550781e-01
-3.412069082260131836e-01, -8.956627845764160156e-01, 2.850769758224487305e-01
8.847684860229492188e-01, 3.132221996784210205e-01, 3.449706435203552246e-01
5.858610868453979492e-01, -7.940732240676879883e-01, -1.615942120552062988e-01
7.317792773246765137e-01, -6.543033719062805176e-01, -1.905522048473358154e-01
-6.618810445070266724e-02, -2.328172475099563599e-01, -9.702500700950622559e-01
1.426457334309816360e-02, -7.512722611427307129e-01, 6.598164439201354980e-01
-9.480502605438232422e-01, -2.740941345691680908e-01, -1.611201167106628418e-01
5.253852605819702148e-01, -8.503524065017700195e-01, 2.750544250011444092e-02
-8.323455452919006348e-01, 4.179650247097015381e-01, -3.639137148857116699e-01
9.745861291885375977e-01, -2.234317064285278320e-01, -1.281805429607629776e-02
-5.062316656112670898e-01, -7.848785519599914551e-01, 3.571916222572326660e-01
-1.542780101299285889e-01, 7.340964078903198242e-01, -6.612532138824462891e-01
6.090462207794189453e-01, 6.294132471084594727e-01, 4.825038909912109375e-01
2.896319925785064697e-01, -9.411672353744506836e-01, 1.738533973693847656e-01
-3.275474160909652710e-02, -6.596283912658691406e-01, 7.508322000503540039e-01
8.934177160263061523e-01, -4.355147480964660645e-01, -1.097027808427810669e-01
8.287342786788940430e-01, -5.292975902557373047e-01, -1.816217601299285889e-01
6.662341952323913574e-01, 5.474407076835632324e-01, 5.063513517379760742e-01
3.780024051666259766e-01, 8.247507810592651367e-01, -4.204662442207336426e-01
-5.112822055816650391e-01, -7.754555940628051758e-01, -3.703763782978057861e-01
-4.555422663688659668e-01, 8.842808008193969727e-01, 1.020672023296356201e-01
4.700317978858947754e-01, -1.250988245010375977e-01, -8.737121224403381348e-01
6.676779985427856445e-01, -3.886195421218872070e-01, -6.349329352378845215e-01
-5.752153396606445312e-01, -4.737233817577362061e-01, -6.668559908866882324e-01
-1.660797894001007080e-01, -5.290483236312866211e-01, 8.321548700332641602e-01
-1.386437099426984787e-02, -3.483837842941284180e-01, 9.372445344924926758e-01
-6.642104387283325195e-01, 2.875874042510986328e-01, -6.899620294570922852e-01
-1.023946925997734070e-01, 6.757119894027709961e-01, -7.299800515174865723e-01
1.580876857042312622e-01, -9.872307181358337402e-01, 1.637170091271400452e-02
-4.285457134246826172e-01, -8.429411053657531738e-01, 3.251153528690338135e-01
6.500145196914672852e-01, 4.735834896564483643e-01, 5.942803621292114258e-01
-9.930330514907836914e-01, -9.596918523311614990e-02, -6.751742959022521973e-02
-5.560187101364135742e-01, 8.194888830184936523e-01, -1.383905410766601562e-01
9.045029282569885254e-01, -6.783384829759597778e-02, -4.209086894989013672e-01
-3.883591592311859131e-01, 9.078626632690429688e-01, -1.576344072818756104e-01
9.072337150573730469e-01, -2.744529545307159424e-01, 3.186938762664794922e-01
-4.083147943019866943e-01, 4.141736924648284912e-01, -8.134561181068420410e-01
-4.891786277294158936e-01, -5.158061385154724121e-01, -7.032715678215026855e-01
-3.931568861007690430e-01, 3.259214758872985840e-01, -8.597633838653564453e-01
-4.873381555080413818e-01, 8.731400966644287109e-01, 5.293186753988265991e-03
8.686856031417846680e-01, -2.428707033395767212e-01, -4.317304491996765137e-01
7.102305889129638672e-01, -6.986730098724365234e-01, -8.580943197011947632e-02
2.931880354881286621e-01, 4.402346909046173096e-01, -8.486599922180175781e-01
-8.213673233985900879e-01, 1.672189235687255859e-01, 5.452501177787780762e-01
5.497873425483703613e-01, -7.351852655410766602e-01, 3.963952660560607910e-01
5.097048282623291016e-01, 5.151512622833251953e-01, -6.890244483947753906e-01
5.420717000961303711e-01, 3.483770787715911865e-01, -7.646778821945190430e-01
5.348654985427856445e-01, -7.759768962860107422e-01, -3.342415094375610352e-01
-9.132008552551269531e-01, -3.232867717742919922e-01, 2.478843033313751221e-01
2.186872959136962891e-01, 2.052272409200668335e-01, 9.539726972579956055e-01
-8.308119773864746094e-01, -5.138229727745056152e-01, -2.136333137750625610e-01
4.690179228782653809e-01, -7.808477878570556641e-01, -4.126076102256774902e-01
-7.167866230010986328e-01, -4.140811413526535034e-02, -6.960185170173645020e-01
4.059188365936279297e-01, 3.070403262972831726e-02, 9.133750796318054199e-01
8.934096246957778931e-02, 5.402423143386840820e-01, -8.367309570312500000e-01
1.373290717601776123e-01, 9.820514321327209473e-01, -1.288216859102249146e-01
5.885860919952392578e-01, -6.379384994506835938e-01, -4.964991211891174316e-01
-7.409595847129821777e-01, 3.592105507850646973e-01, -5.673311948776245117e-01
1.701530665159225464e-01, 2.928993999958038330e-01, 9.408746957778930664e-01
-1.959397792816162109e-01, 7.883499860763549805e-01, -5.831108093261718750e-01
-3.834458813071250916e-02, 6.457609534263610840e-01, 7.625563740730285645e-01
-2.957591116428375244e-01, -5.009181499481201172e-01, -8.133661746978759766e-01
-8.754816055297851562e-01, 2.422090470790863037e-01, 4.180965423583984375e-01
-3.358069062232971191e-02, -9.100818634033203125e-01, 4.129874408245086670e-01
7.476422786712646484e-01, -1.617767512798309326e-01, 6.440569162368774414e-01
-8.815557360649108887e-01, 3.778142333030700684e-01, -2.828621268272399902e-01
-8.757217526435852051e-01, 4.674299955368041992e-01, -1.204840689897537231e-01
1.008139830082654953e-02, -7.659708857536315918e-01, -6.427397727966308594e-01
-3.784509301185607910e-01, 1.294927000999450684e-01, -9.165004491806030273e-01
4.563699960708618164e-01, 3.149649202823638916e-01, 8.321629762649536133e-01
1.097989827394485474e-01, -9.578832387924194336e-01, 2.651412785053253174e-01
3.798031210899353027e-01, -3.674862980842590332e-01, 8.489224910736083984e-01
-2.802740633487701416e-01, -5.278233289718627930e-01, 8.017558455467224121e-01
-9.066536426544189453e-01, 9.123309701681137085e-02, -4.118084013462066650e-01
-4.735737442970275879e-01, -2.131143361330032349e-01, 8.545675277709960938e-01
-5.304012298583984375e-01, 6.226779818534851074e-01, -5.752063989639282227e-01
-7.840552330017089844e-01, -5.152279734611511230e-01, 3.460015654563903809e-01
4.989320039749145508e-01, -3.997372984886169434e-01, -7.689236402511596680e-01
4.155642092227935791e-01, -4.517488181591033936e-01, 7.894164919853210449e-01
-2.659709453582763672e-01, 9.072976708412170410e-01, 3.255277872085571289e-01
-4.600160717964172363e-01, 3.063338398933410645e-01, 8.333746194839477539e-01
4.757688641548156738e-01, 8.171005845069885254e-01, 3.254529833793640137e-01
-4.069855809211730957e-01, -4.441294446587562561e-02, -9.123367667198181152e-01
-8.530211448669433594e-02, -7.839016914367675781e-01, -6.149429082870483398e-01
7.000758051872253418e-01, -2.494499981403350830e-01, 6.690288186073303223e-01
9.150735139846801758e-01, -3.952597677707672119e-01, 7.931077480316162109e-02
8.667646646499633789e-01, 4.963116347789764404e-01, 4.821957275271415710e-02
-7.176919579505920410e-01, 6.894428730010986328e-01, -9.726592898368835449e-02
-3.294183909893035889e-01, -7.126924395561218262e-01, 6.192649602890014648e-01
7.376093268394470215e-01, 5.808433890342712402e-01, -3.442485034465789795e-01
-1.123138815164566040e-01, 5.170589685440063477e-01, -8.485291004180908203e-01
7.441297769546508789e-01, 4.476384520530700684e-01, -4.958170056343078613e-01
9.525796175003051758e-01, 2.341973483562469482e-01, 1.939756721258163452e-01
-4.134458005428314209e-01, 6.599279642105102539e-01, 6.272962093353271484e-01
-4.893396198749542236e-01, -1.062711402773857117e-01, 8.655820488929748535e-01
3.474166989326477051e-02, -2.373714298009872437e-01, -9.707922339439392090e-01
-2.871316373348236084e-01, 7.894958853721618652e-01, 5.423821210861206055e-01
5.178167819976806641e-01, -3.057067394256591797e-01, -7.989640831947326660e-01
2.025607228279113770e-01, 2.001291811466217041e-01, -9.585875272750854492e-01
-3.811886310577392578e-01, 8.861809968948364258e-01, -2.631759643554687500e-01
-3.622133135795593262e-01, 9.302080869674682617e-01, 5.845440179109573364e-02
5.161133408546447754e-02, 6.029691100120544434e-01, 7.960812449455261230e-01
5.348135232925415039e-01, -8.118159770965576172e-01, 2.342202067375183105e-01
8.962177038192749023e-01, -4.212093725800514221e-02, 4.415406882762908936e-01
4.352075457572937012e-01, -2.824803590774536133e-01, 8.548461198806762695e-01
-9.367092251777648926e-01, 2.733547687530517578e-01, 2.184696942567825317e-01
2.339837551116943359e-01, 9.703896045684814453e-01, 5.907321348786354065e-02
-8.314955830574035645e-01, -5.551992058753967285e-01, 1.759117469191551208e-02
4.568153247237205505e-02, 9.841349124908447266e-01, -1.712180376052856445e-01
9.860643148422241211e-01, 4.075365513563156128e-02, -1.612195819616317749e-01
3.858493864536285400e-01, -7.233496904373168945e-01, -5.725277662277221680e-01
-4.452621340751647949e-01, 5.701905488967895508e-01, 6.903378963470458984e-01
-1.729374527931213379e-01, -4.406400918960571289e-01, 8.808514475822448730e-01
-7.861890196800231934e-01, 3.931087553501129150e-01, -4.767693579196929932e-01
-7.914772033691406250e-01, 1.194902583956718445e-01, -5.993478894233703613e-01
2.089274823665618896e-01, -1.826376914978027344e-01, 9.607118368148803711e-01
6.685854792594909668e-01, 1.558050699532032013e-02, 7.434409260749816895e-01
-8.292729854583740234e-01, -2.398755252361297607e-01, -5.046437382698059082e-01
4.338662922382354736e-01, 5.603096485137939453e-01, 7.055217623710632324e-01
3.560171723365783691e-01, 9.125496745109558105e-01, -2.010229527950286865e-01
-3.094984292984008789e-01, -9.348630905151367188e-01, 1.736295819282531738e-01
-3.177770972251892090e-01, 8.803141117095947266e-01, -3.520564436912536621e-01
7.703005671501159668e-01, -5.849758982658386230e-01, -2.538226246833801270e-01
1.058505922555923462e-01, 8.353710174560546875e-01, -5.393732190132141113e-01
8.189128637313842773e-01, -4.995436668395996094e-01, -2.824333608150482178e-01
-4.443044066429138184e-01, 4.921856522560119629e-02, -8.945105075836181641e-01
1.724468544125556946e-02, 1.478879898786544800e-01, -9.888435602188110352e-01
8.440083265304565430e-01, -5.710423737764358521e-02, 5.332294106483459473e-01
7.391306161880493164e-01, -2.021940350532531738e-01, -6.424425840377807617e-01
9.913602471351623535e-01, -5.227199941873550415e-02, -1.198342144489288330e-01
8.567445278167724609e-01, -4.358146488666534424e-01, 2.755684256553649902e-01
-1.630662977695465088e-01, 8.857462555170059204e-02, 9.826207160949707031e-01
2.060011960566043854e-02, 5.232645869255065918e-01, 8.518976569175720215e-01
9.380892515182495117e-01, -3.132100403308868408e-02, 3.448368906974792480e-01
4.150901436805725098e-01, -4.553867504000663757e-02, -9.086355566978454590e-01
8.833246678113937378e-02, -3.556036055088043213e-01, 9.304308891296386719e-01
-9.615004658699035645e-01, 2.300118505954742432e-01, -1.500797271728515625e-01
-4.705899953842163086e-01, -3.878810703754425049e-01, 7.925009727478027344e-01
7.237331569194793701e-02, -3.725031018257141113e-01, -9.251990318298339844e-01
-2.542648017406463623e-01, 8.501060605049133301e-01, 4.611136913299560547e-01
3.121921420097351074e-01, 8.766589164733886719e-01, 3.659288585186004639e-01
4.394604861736297607e-01, -8.954015374183654785e-01, 7.093783468008041382e-02
4.341644048690795898e-01, 1.278624236583709717e-01, 8.916903734207153320e-01
-2.791414260864257812e-01, -7.589339464902877808e-02, 9.572428464889526367e-01
3.936565518379211426e-01, 2.474281042814254761e-01, -8.853263854980468750e-01
2.178099155426025391e-01, -1.005595922470092773e-01, -9.707895517349243164e-01
-7.016462087631225586e-01, -5.796914100646972656e-01, 4.142851531505584717e-01
-9.397180676460266113e-01, 3.244365453720092773e-01, -1.077566146850585938e-01
4.584185481071472168e-01, 7.109271883964538574e-01, 5.332572460174560547e-01
8.769576996564865112e-02, -9.028070569038391113e-01, -4.208930432796478271e-01
-2.506422400474548340e-01, -5.133665166795253754e-03, -9.680569767951965332e-01
3.182207047939300537e-01, -9.440013170242309570e-01, -8.643278479576110840e-02
5.158520936965942383e-01, -2.086361944675445557e-01, -8.308548331260681152e-01
7.239807248115539551e-01, -3.276013731956481934e-01, 6.070017814636230469e-01
2.997582852840423584e-01, 2.784452438354492188e-01, -9.124591946601867676e-01
5.371153354644775391e-01, 7.009862661361694336e-01, 4.691121578216552734e-01
9.381694793701171875e-01, -1.807313561439514160e-01, 2.951774001121520996e-01
-7.777933478355407715e-01, 6.153610944747924805e-01, -1.277717649936676025e-01
-4.457897543907165527e-01, -6.783007979393005371e-01, -5.840508937835693359e-01
-9.322126507759094238e-01, -1.355758607387542725e-01, 3.354881405830383301e-01
5.201206803321838379e-01, -8.184601068496704102e-01, -2.440986484289169312e-01
-3.302131891250610352e-01, 8.570472002029418945e-01, 3.953816294670104980e-01
2.021769583225250244e-01, 2.984534204006195068e-01, -9.327518343925476074e-01
-9.572007656097412109e-01, -5.470916256308555603e-02, -2.840369641780853271e-01
-2.863148786127567291e-02, 4.450010955333709717e-01, 8.950709104537963867e-01
-7.908195853233337402e-01, -2.223372906446456909e-01, 5.701972246170043945e-01
5.058898031711578369e-02, 3.846451342105865479e-01, 9.216699600219726562e-01
-4.461463987827301025e-01, -6.802705526351928711e-01, 5.814629793167114258e-01
6.909707784652709961e-01, 1.102044507861137390e-01, 7.143855094909667969e-01
-9.834863543510437012e-01, -1.801410466432571411e-01, -1.387827098369598389e-02
-8.494641780853271484e-01, 5.588328465819358826e-02, 5.246446132659912109e-01
-3.155334889888763428e-01, 9.437716007232666016e-01, -9.807048738002777100e-02
-6.615089178085327148e-01, -3.820879459381103516e-01, 6.452779173851013184e-01
5.951141119003295898e-01, 5.595324039459228516e-01, 5.768468379974365234e-01
-6.549749374389648438e-01, 5.900249481201171875e-01, 4.720709323883056641e-01
-9.149510264396667480e-01, 2.515787780284881592e-01, 3.154566586017608643e-01
-2.282867133617401123e-01, 6.734113097190856934e-01, -7.030863761901855469e-01
2.013361081480979919e-02, -5.406949296593666077e-02, -9.983184337615966797e-01
-5.749073028564453125e-01, -8.036749362945556641e-01, 1.532361507415771484e-01
-3.047099113464355469e-01, 9.289184212684631348e-01, -2.102045118808746338e-01
-8.147055506706237793e-01, -1.541440784931182861e-01, -5.589866638183593750e-01
7.253153324127197266e-01, 6.537029147148132324e-01, 2.157769352197647095e-01
-3.199474811553955078e-01, -8.229577541351318359e-02, -9.438543319702148438e-01
7.409759759902954102e-01, -4.841092824935913086e-01, 4.652857780456542969e-01
-3.046014308929443359e-01, 7.230422496795654297e-01, 6.200014948844909668e-01
8.247484564781188965e-01, 2.428756281733512878e-02, -5.648901462554931641e-01
-1.733022332191467285e-01, 1.208122968673706055e-01, -9.774192571640014648e-01
2.250724434852600098e-01, 6.332922577857971191e-01, -7.404212951660156250e-01
-9.610337615013122559e-01, -2.722889184951782227e-01, -4.702342301607131958e-02
2.862659692764282227e-01, 7.024023532867431641e-01, 6.516207456588745117e-01
-6.647964715957641602e-01, 1.352602690458297729e-01, 7.346373796463012695e-01
-1.598739176988601685e-01, 9.565606117248535156e-01, -2.436912953853607178e-01
5.864295363426208496e-01, 2.048985287547111511e-02, 8.097081780433654785e-01
8.802320361137390137e-01, 4.564904570579528809e-01, -1.293724030256271362e-01
-9.151837825775146484e-01, 1.639007329940795898e-01, 3.680407404899597168e-01
1.368026733398437500e-01, 9.904071092605590820e-01, 1.624764129519462585e-02
-9.678133726119995117e-01, 1.917295157909393311e-01, 1.627079546451568604e-01
9.439257979393005371e-01, -1.875360757112503052e-01, -2.715117931365966797e-01
6.387115120887756348e-01, -5.551037192344665527e-01, -5.327844619750976562e-01
2.497028373181819916e-02, 3.713786900043487549e-01, -9.281271696090698242e-01
4.551771283149719238e-01, -6.952802836894989014e-02, 8.876608610153198242e-01
-3.950256109237670898e-01, 9.179170727729797363e-01, -3.560343384742736816e-02
7.600653916597366333e-02, 9.917033910751342773e-01, 1.030560582876205444e-01
-9.876074790954589844e-01, 9.851694852113723755e-02, 1.217987611889839172e-01
2.248763889074325562e-01, -4.801978766918182373e-01, -8.478253483772277832e-01
9.595571160316467285e-01, 7.060613483190536499e-02, -2.722831964492797852e-01
-5.806925892829895020e-01, -5.590471625328063965e-01, -5.917598009109497070e-01
1.020839996635913849e-02, 8.127999305725097656e-01, -5.823738574981689453e-01
8.107343912124633789e-01, 5.844661593437194824e-01, 3.191105276346206665e-02
4.825129210948944092e-01, 4.322718679904937744e-01, -7.617710232734680176e-01
-9.317172765731811523e-01, 6.218443624675273895e-03, -3.629979193210601807e-01
1.924123018980026245e-01, -6.160606145858764648e-01, 7.637949585914611816e-01
-9.429630041122436523e-01, -2.951634228229522705e-01, 1.535401344299316406e-01
8.617010712623596191e-01, -3.339912891387939453e-01, -3.818581998348236084e-01
-4.380706846714019775e-01, 8.027889728546142578e-01, 4.044270217418670654e-01
-5.174905061721801758e-01, -2.106120139360427856e-01, -8.293288946151733398e-01
3.151532709598541260e-01, 8.263150230050086975e-03, 9.489851593971252441e-01
4.056261181831359863e-01, -7.479460239410400391e-01, 5.253296494483947754e-01
-8.099378347396850586e-01, 2.974240779876708984e-01, -5.054506063461303711e-01
-4.008799046277999878e-02, 9.738808870315551758e-01, -2.234534621238708496e-01
-6.954679489135742188e-01, 6.126165390014648438e-01, 3.753933310508728027e-01
6.154927611351013184e-01, 2.875743508338928223e-01, -7.337821722030639648e-01
-6.909569501876831055e-01, -6.748770475387573242e-01, 2.589732706546783447e-01
1.177606880664825439e-01, -7.632672786712646484e-01, 6.352120041847229004e-01
4.002266526222229004e-01, -7.761025428771972656e-01, -4.872527420520782471e-01
2.112732641398906708e-02, -9.897887110710144043e-01, -1.409246027469635010e-01
6.111375093460083008e-01, -4.930040538311004639e-01, 6.191786527633666992e-01
7.084821462631225586e-01, 7.014343738555908203e-01, -7.711783796548843384e-02
-1.223452389240264893e-01, -5.518403053283691406e-01, -8.248980641365051270e-01
2.645532488822937012e-01, -8.774535357952117920e-02, 9.603620767593383789e-01
-8.068592548370361328e-01, -4.998367130756378174e-01, -3.147071897983551025e-01
-5.096879005432128906e-01, -2.943816184997558594e-01, 8.084224462509155273e-01
3.774619698524475098e-01, -9.259490370750427246e-01, -4.595668055117130280e-03
7.742570638656616211e-01, -2.394980788230895996e-01, 5.857466459274291992e-01
1.055159419775009155e-01, -4.726172685623168945e-01, -8.749126195907592773e-01
-5.348133295774459839e-02, 8.638456463813781738e-01, 5.008656978607177734e-01
6.181801557540893555e-01, 2.143624275922775269e-01, 7.562333941459655762e-01
-2.139271199703216553e-01, 4.436271488666534424e-01, -8.702903985977172852e-01
8.659718632698059082e-01, -1.517353653907775879e-01, -4.764297008514404297e-01
7.646270990371704102e-01, 4.538263753056526184e-02, -6.428386569023132324e-01
3.583052158355712891e-01, 3.690462931990623474e-02, -9.328666925430297852e-01
-3.956034779548645020e-01, 4.663766622543334961e-01, 7.911555767059326172e-01
-1.941458880901336670e-01, -6.503887176513671875e-01, -7.343547940254211426e-01
9.118678569793701172e-01, 7.741013914346694946e-02, -4.031008183956146240e-01
6.391395628452301025e-02, 2.907012403011322021e-01, 9.546654224395751953e-01
7.201564908027648926e-01, 6.416155695915222168e-01, -2.638564407825469971e-01
8.870433568954467773e-01, -4.281156063079833984e-01, 1.725098788738250732e-01
6.859470009803771973e-01, -5.840055942535400391e-01, 4.339541792869567871e-01
-4.966168403625488281e-01, 8.078893423080444336e-01, 3.171477615833282471e-01
2.570499479770660400e-01, 6.334530115127563477e-01, 7.297823429107666016e-01
-6.441964507102966309e-01, -7.266895174980163574e-01, -2.383413910865783691e-01
-7.244840860366821289e-01, 6.670111417770385742e-01, 1.735004484653472900e-01
9.047210812568664551e-01, -3.347055017948150635e-01, -2.634549736976623535e-01
-3.857080340385437012e-01, -7.501156330108642578e-01, 5.370810031890869141e-01
3.955991864204406738e-01, 8.285742998123168945e-01, 3.960756659507751465e-01
5.270621180534362793e-01, 6.900794506072998047e-01, -4.959261417388916016e-01
5.568789839744567871e-01, -5.779960155487060547e-01, 5.964224338531494141e-01
4.925059974193572998e-01, -1.603416502475738525e-01, 8.553985953330993652e-01
-9.615448117256164551e-02, 9.952248334884643555e-01, -1.249938271939754486e-02
1.111644133925437927e-01, 9.489313364028930664e-01, 2.950630784034729004e-01
-7.662154436111450195e-01, 5.453745126724243164e-01, 3.396496772766113281e-01
-7.007786035537719727e-01, 4.069768190383911133e-01, 5.858637094497680664e-01
2.553632259368896484e-01, -5.458750128746032715e-01, 7.979776263236999512e-01
6.805521249771118164e-01, -4.634770154953002930e-01, -5.674064159393310547e-01
-4.144429564476013184e-01, -3.266719281673431396e-01, 8.494105339050292969e-01
-9.730198234319686890e-02, -8.537247180938720703e-01, -5.114477872848510742e-01
-2.461376935243606567e-01, -8.283101320266723633e-01, -5.032235383987426758e-01
2.477275133132934570e-01, -9.553147554397583008e-01, -1.611103862524032593e-01
-7.574213743209838867e-01, -6.500735878944396973e-01, 6.037896126508712769e-02
-1.586329340934753418e-01, -9.862592220306396484e-01, -4.476719722151756287e-02
-4.781157076358795166e-01, 7.007385492324829102e-01, -5.293951630592346191e-01
9.624173641204833984e-01, -9.229591488838195801e-02, 2.552008032798767090e-01
-9.714661836624145508e-01, 4.737102240324020386e-02, -2.321563810110092163e-01
6.132944226264953613e-01, 6.365585327148437500e-01, -4.675085544586181641e-01
8.899174928665161133e-01, 2.245033681392669678e-01, 3.969427645206451416e-01
-6.816147565841674805e-01, -7.230529785156250000e-01, 1.120321303606033325e-01
-5.819261670112609863e-01, -4.286697506904602051e-01, 6.910417675971984863e-01
6.597506999969482422e-02, -8.091546595096588135e-02, 9.945365190505981445e-01
-3.437635600566864014e-01, -2.870478630065917969e-01, -8.940942883491516113e-01
-6.469662487506866455e-02, 5.680953860282897949e-01, 8.203915357589721680e-01
3.660197257995605469e-01, 3.153197765350341797e-01, 8.755598068237304688e-01
-4.866217374801635742e-01, 4.399479329586029053e-01, -7.547319531440734863e-01
5.973331928253173828e-01, -7.410629987716674805e-01, 3.064599633216857910e-01
9.259397983551025391e-01, -3.758410513401031494e-01, -3.558702394366264343e-02
9.259201288223266602e-01, 3.645590245723724365e-01, -9.861133247613906860e-02
5.575911998748779297e-01, 8.162312507629394531e-01, -1.508112847805023193e-01
-3.711301684379577637e-01, 7.951706051826477051e-01, 4.794921875000000000e-01
-8.546708226203918457e-01, 4.632446169853210449e-01, -2.341982275247573853e-01
-6.264970302581787109e-01, 4.280015230178833008e-01, 6.513441205024719238e-01
7.466768026351928711e-01, 6.550524234771728516e-01, 1.151350289583206177e-01
1.047303527593612671e-01, -8.811000585556030273e-01, 4.610908329486846924e-01
7.865605354309082031e-01, 6.140164732933044434e-01, -6.469504535198211670e-02
-7.393306493759155273e-01, -5.988944768905639648e-01, 3.075752854347229004e-01
8.639917373657226562e-01, 3.383480310440063477e-01, -3.727869987487792969e-01
-5.565718412399291992e-01, 8.279284238815307617e-01, 6.836122274398803711e-02
-6.997044086456298828e-01, -7.143440842628479004e-01, 9.558493271470069885e-03
9.717553853988647461e-01, -2.928433008491992950e-02, -2.339299470186233521e-01
-5.972132682800292969e-01, -2.446487843990325928e-01, 7.638197541236877441e-01
4.720103740692138672e-01, 7.685149908065795898e-01, 4.318732619285583496e-01
-1.685488224029541016e-01, -8.079113960266113281e-01, -5.646217465400695801e-01
1.792715936899185181e-01, -9.532220363616943359e-01, -2.432688921689987183e-01
7.518882751464843750e-01, -2.886343002319335938e-01, -5.926813483238220215e-01
-7.116411924362182617e-01, -3.810106813907623291e-01, -5.901658535003662109e-01
4.433338940143585205e-01, 8.817583918571472168e-01, -1.608325839042663574e-01
-7.481234073638916016e-01, 6.109318137168884277e-01, 2.587570548057556152e-01
-1.804317235946655273e-01, 9.811841249465942383e-01, -6.803786754608154297e-02
-9.828432202339172363e-01, -2.298390492796897888e-02, 1.828983575105667114e-01
4.519284963607788086e-01, -8.312435150146484375e-01, -3.236046433448791504e-01
-8.746303319931030273e-01, -1.585441231727600098e-01, -4.580236971378326416e-01
-4.017419517040252686e-01, 8.559885025024414062e-01, 3.253668546676635742e-01
2.069501280784606934e-01, -9.509770274162292480e-01, 2.295907288789749146e-01
9.896517544984817505e-02, 3.045696616172790527e-01, -9.473327398300170898e-01
-7.648890614509582520e-01, 5.875496268272399902e-01, -2.638928294181823730e-01
6.738837361335754395e-01, -6.930304765701293945e-01, 2.559674382209777832e-01
-3.054791688919067383e-01, -3.488327860832214355e-01, 8.859862089157104492e-01
-6.289363503456115723e-01, -7.760787606239318848e-01, -4.480925947427749634e-02
-6.205852031707763672e-01, 6.895641684532165527e-01, -3.733002841472625732e-01
-3.081610202789306641e-01, -5.880664587020874023e-01, -7.477912306785583496e-01
6.140747070312500000e-01, -6.540967226028442383e-01, 4.416529238224029541e-01
7.994892075657844543e-03, -9.315065145492553711e-01, -3.634946942329406738e-01
1.753968298435211182e-01, 4.916391074657440186e-01, -8.529202938079833984e-01
9.238330125808715820e-01, 1.387140154838562012e-01, 3.567011952400207520e-01
3.031708300113677979e-01, 4.927277565002441406e-01, 8.156343698501586914e-01
-5.792670249938964844e-01, 7.811259627342224121e-01, -2.327385544776916504e-01
5.366588830947875977e-01, 6.373000144958496094e-01, 5.529506206512451172e-01
2.467155903577804565e-01, -2.744371592998504639e-01, 9.294130206108093262e-01
-3.979919254779815674e-01, -5.414182543754577637e-01, -7.405476570129394531e-01
8.275414705276489258e-01, 2.041845321655273438e-01, -5.228736400604248047e-01
-6.020720675587654114e-02, 7.632957696914672852e-01, -6.431931257247924805e-01
-3.819231390953063965e-01, 5.889253616333007812e-01, -7.122113704681396484e-01
7.933119535446166992e-01, 4.996916651725769043e-01, 3.476888239383697510e-01
1.260917633771896362e-02, -8.666864633560180664e-01, 4.986014366149902344e-01
-1.474520862102508545e-01, -7.710846066474914551e-01, 6.194132566452026367e-01
-7.680250331759452820e-03, 9.992008209228515625e-01, 3.768530115485191345e-02
9.459654688835144043e-01, -9.442155808210372925e-02, -3.100548088550567627e-01
-2.601115405559539795e-01, 5.909067392349243164e-01, 7.636265754699707031e-01
9.194680452346801758e-01, -3.561472892761230469e-01, -1.661568582057952881e-01
-1.184241147711873055e-03, -5.799068808555603027e-01, 8.146647214889526367e-01
-8.749675750732421875e-01, 1.498308926820755005e-01, 4.603807926177978516e-01
1.029329597949981689e-01, 1.989937126636505127e-01, -9.745649695396423340e-01
7.386599779129028320e-01, 1.454635113477706909e-01, -6.581440567970275879e-01
4.944107830524444580e-01, -8.052228093147277832e-01, 3.272192776203155518e-01
6.949791908264160156e-01, 2.086525261402130127e-01, 6.880576610565185547e-01
9.389938116073608398e-01, 6.436015246435999870e-04, -3.439001739025115967e-01
-8.213995695114135742e-01, -4.204076528549194336e-01, 3.853082954883575439e-01
2.739870846271514893e-01, -7.000519633293151855e-01, 6.594067215919494629e-01
7.858080863952636719e-01, 3.764051496982574463e-01, 4.906367063522338867e-01
-7.414023578166961670e-02, 9.465730786323547363e-01, -3.137118518352508545e-01
-4.977481961250305176e-01, 3.480071127414703369e-01, -7.944294214248657227e-01
4.586803317070007324e-01, 4.072820246219635010e-01, 7.897354960441589355e-01
4.313350617885589600e-01, -2.905135154724121094e-01, -8.541190028190612793e-01
9.948065280914306641e-01, 9.760064631700515747e-02, 2.704237774014472961e-02
9.713498950004577637e-01, 2.062298953533172607e-01, -1.180323809385299683e-01
2.827655076980590820e-01, -8.421130776405334473e-01, -4.591299593448638916e-01
3.668928742408752441e-01, 6.949311494827270508e-01, -6.183957457542419434e-01
-2.058435231447219849e-01, -4.804440140724182129e-01, -8.524981141090393066e-01
-1.387029290199279785e-01, -1.634056419134140015e-01, -9.767454862594604492e-01
9.312616586685180664e-01, 1.495443582534790039e-01, -3.320775032043457031e-01
-4.684837460517883301e-01, 3.970176577568054199e-01, 7.892109155654907227e-01
5.604493618011474609e-02, 8.832204341888427734e-01, -4.655593037605285645e-01
-3.069664239883422852e-01, 5.133962631225585938e-01, -8.013508319854736328e-01
6.683830022811889648e-01, -4.106362164020538330e-01, 6.201300621032714844e-01
-2.678446769714355469e-01, 7.326539754867553711e-01, -6.256225705146789551e-01
-5.653058886528015137e-01, 7.872894406318664551e-01, 2.459825277328491211e-01
2.381763160228729248e-01, 5.511723756790161133e-01, -7.996375560760498047e-01
9.711872339248657227e-01, -1.998645812273025513e-01, -1.293937414884567261e-01
-8.523953557014465332e-01, 3.229679763317108154e-01, -4.111202359199523926e-01
-6.518709659576416016e-01, 7.272362112998962402e-01, 2.147994488477706909e-01
3.505549132823944092e-01, -6.366987824440002441e-01, -6.867973804473876953e-01
-6.784466505050659180e-01, -9.190260432660579681e-03, 7.345589399337768555e-01
1.458707898855209351e-01, -9.774534702301025391e-01, 1.525235325098037720e-01
-9.655617475509643555e-01, -1.061076223850250244e-01, 2.373512685298919678e-01
2.550553083419799805e-01, -8.225800991058349609e-01, 5.081455707550048828e-01
-4.912309944629669189e-01, -8.607539534568786621e-01, 1.330405026674270630e-01
8.143208622932434082e-01, -1.505074352025985718e-01, 5.604964494705200195e-01
-3.039799630641937256e-01, 5.044950246810913086e-01, 8.081201314926147461e-01
9.740630984306335449e-01, -1.211061924695968628e-01, -1.909931451082229614e-01
7.832228392362594604e-02, -9.936823844909667969e-01, 7.981190085411071777e-02
3.330412209033966064e-01, 5.177634954452514648e-01, -7.880117297172546387e-01
-9.746455401182174683e-02, 9.908994436264038086e-01, 9.220649302005767822e-02
-8.267014473676681519e-02, -9.083544015884399414e-01, -4.098140001296997070e-01
-2.620688378810882568e-01, -9.647042155265808105e-01, -2.334541454911231995e-02
6.882686614990234375e-01, -1.487607657909393311e-01, -7.100018262863159180e-01
-5.251578688621520996e-01, 7.491142749786376953e-01, 4.036993980407714844e-01
1.104300767183303833e-01, 1.027558371424674988e-02, 9.938197731971740723e-01
2.740461528301239014e-01, 3.013957142829895020e-01, 9.132552742958068848e-01
3.812984824180603027e-01, -6.144292354583740234e-01, 6.906683444976806641e-01
3.977261185646057129e-01, 9.174276590347290039e-01, -2.920329803600907326e-03
-8.673731684684753418e-01, -3.633118867874145508e-01, -3.400270342826843262e-01
1.374658793210983276e-01, 8.095844388008117676e-01, 5.706511735916137695e-01
-6.192674636840820312e-01, -1.937667131423950195e-01, -7.608548998832702637e-01
6.144573092460632324e-01, 2.126466110348701477e-02, -7.886363267898559570e-01
4.563210308551788330e-01, 6.855036616325378418e-01, -5.672984719276428223e-01
-4.031181633472442627e-01, 6.824232339859008789e-01, -6.096875071525573730e-01
1.031315699219703674e-01, -7.312076091766357422e-01, -6.742734909057617188e-01
-7.273697853088378906e-01, -3.841897845268249512e-01, 5.685730576515197754e-01
-5.423010326921939850e-03, -5.998464822769165039e-01, -8.000600934028625488e-01
-3.412202894687652588e-01, 8.300844430923461914e-01, -4.409586787223815918e-01
6.619081497192382812e-01, 6.495401263236999512e-01, -3.741018176078796387e-01
7.691352367401123047e-01, 2.078136056661605835e-01, 6.042841076850891113e-01
-4.815486371517181396e-01, -4.325972199440002441e-01, -7.622066736221313477e-01
-8.185009360313415527e-01, 3.630687892436981201e-01, 4.451867341995239258e-01
-2.660395503044128418e-01, -9.089622497558593750e-01, -3.207606077194213867e-01
-1.915629208087921143e-01, 9.476054906845092773e-01, 2.554216086864471436e-01
3.101184964179992676e-01, -1.817695051431655884e-01, 9.331533312797546387e-01
-7.254330515861511230e-01, 6.618514657020568848e-02, 6.850413680076599121e-01
6.451877951622009277e-01, 7.055585384368896484e-01, -2.929158210754394531e-01
-6.492416858673095703e-01, -8.916662633419036865e-02, -7.553089857101440430e-01
-2.710167765617370605e-01, -4.430380165576934814e-01, 8.545435070991516113e-01
9.977217912673950195e-01, -6.301812827587127686e-02, 2.340756729245185852e-02
9.625904560089111328e-01, 2.641079425811767578e-01, 5.975471436977386475e-02
3.972100019454956055e-01, -9.031116962432861328e-01, 1.628911793231964111e-01
-9.040694832801818848e-01, 6.047527119517326355e-02, 4.230035841464996338e-01
-1.756639182567596436e-01, 6.160354018211364746e-01, -7.678519487380981445e-01
-4.110066294670104980e-01, 8.358682394027709961e-01, -3.637744188308715820e-01
6.557693481445312500e-01, -7.477494478225708008e-01, 1.035048738121986389e-01
9.334634542465209961e-01, 3.578787446022033691e-01, 2.078682929277420044e-02
-9.196365475654602051e-01, -3.792653977870941162e-01, 1.015392541885375977e-01
5.731949210166931152e-01, -8.118889331817626953e-01, 1.103738248348236084e-01
-7.599288225173950195e-02, -4.201060235500335693e-01, 9.042750597000122070e-01
-6.973249912261962891e-01, 6.391991376876831055e-01, -3.241294026374816895e-01
3.510290980339050293e-01, -5.397375822067260742e-01, 7.651100158691406250e-01
9.036966562271118164e-01, -3.492687344551086426e-01, 2.474376559257507324e-01
-4.884031116962432861e-01, 8.218752741813659668e-01, -2.930272817611694336e-01
-4.118036031723022461e-01, 2.320674359798431396e-01, 8.812032938003540039e-01
-5.576019287109375000e-01, 7.597262859344482422e-01, -3.344098031520843506e-01
6.832532882690429688e-01, 6.626806259155273438e-01, 3.064979314804077148e-01
-1.253300905227661133e-02, 5.377484560012817383e-01, -8.429955244064331055e-01
-5.510710477828979492e-01, 5.011026859283447266e-01, 6.672157049179077148e-01
-2.751069664955139160e-01, 9.412639141082763672e-01, 1.954924017190933228e-01
1.003081500530242920e-01, 7.519153952598571777e-01, 6.515313982963562012e-01
-5.566359758377075195e-01, -7.183150053024291992e-01, 4.172015488147735596e-01
-2.700816392898559570e-01, 2.219669073820114136e-01, 9.369026422500610352e-01
4.865787327289581299e-01, 2.491630762815475464e-01, -8.373305797576904297e-01
-2.578426301479339600e-01, -9.398443698883056641e-01, -2.239065021276473999e-01
8.049086332321166992e-01, 1.210093423724174500e-01, -5.808816552162170410e-01
1.730891168117523193e-01, 1.033113896846771240e-01, -9.794588685035705566e-01
7.613695859909057617e-01, 1.131535172462463379e-01, 6.383358240127563477e-01
2.144987881183624268e-01, -7.687982320785522461e-01, 6.024388074874877930e-01
-5.941520929336547852e-01, -7.357782125473022461e-01, -3.248394131660461426e-01
-5.436288118362426758e-01, -5.167887210845947266e-01, 6.613045930862426758e-01
-1.809424161911010742e-01, 8.078340291976928711e-01, 5.608718395233154297e-01
-4.894171953201293945e-01, 5.241347551345825195e-01, -6.969296932220458984e-01
-2.582141160964965820e-01, -7.741492390632629395e-01, 5.778692960739135742e-01
-6.735439598560333252e-02, 9.365846216678619385e-02, -9.933242797851562500e-01
-7.265927195549011230e-01, 1.817216575145721436e-01, -6.625428795814514160e-01
-1.144391000270843506e-01, 4.876014888286590576e-01, 8.655326366424560547e-01
6.577670574188232422e-02, -1.428285241127014160e-01, -9.875605106353759766e-01
6.785556077957153320e-01, 2.139368355274200439e-01, -7.026484012603759766e-01
-6.481941938400268555e-01, 7.110728621482849121e-01, -2.722294330596923828e-01
-1.492029875516891479e-01, -7.381372898817062378e-02, 9.860411882400512695e-01
-1.805247552692890167e-02, -9.937289953231811523e-01, 1.101024597883224487e-01
-8.971871137619018555e-01, 3.519666790962219238e-01, 2.666479051113128662e-01
1.860376894474029541e-01, -5.624247789382934570e-01, -8.056106567382812500e-01
-6.751363873481750488e-01, 6.743199825286865234e-01, 2.989337444305419922e-01
3.193201124668121338e-02, 8.896791338920593262e-01, 4.553642868995666504e-01
7.118576169013977051e-01, -7.751846313476562500e-02, 6.980084180831909180e-01
-8.378044366836547852e-01, -1.449085772037506104e-01, 5.263270735740661621e-01
-7.961820960044860840e-01, 5.795739889144897461e-01, 1.736555397510528564e-01
-6.855115890502929688e-01, 1.080624759197235107e-01, -7.199631929397583008e-01
2.748755216598510742e-01, -9.183217287063598633e-01, -2.847456336021423340e-01
-8.193641901016235352e-02, 8.064004182815551758e-01, 5.856214761734008789e-01
-8.405297994613647461e-01, 4.498380422592163086e-02, -5.398089289665222168e-01
5.291628837585449219e-01, -6.094598211348056793e-03, -8.484727144241333008e-01
-8.236647844314575195e-01, 2.683051824569702148e-01, 4.995543062686920166e-01
-1.348181720823049545e-02, 9.195309281349182129e-01, -3.926782608032226562e-01
-4.035673737525939941e-01, -1.580660045146942139e-01, 9.011721014976501465e-01
-1.053836345672607422e-01, -1.641628146171569824e-01, 9.807752370834350586e-01
7.303736358880996704e-02, 6.821248531341552734e-01, 7.275611758232116699e-01
8.139669895172119141e-01, 4.177620410919189453e-01, 4.035329818725585938e-01
5.974223613739013672e-01, 7.681247591972351074e-01, -2.300820648670196533e-01
-4.058005809783935547e-01, 7.610063254833221436e-02, 9.107668399810791016e-01
7.725815773010253906e-01, -6.344240903854370117e-01, -2.312682755291461945e-02
-1.889478713274002075e-01, -9.704263806343078613e-01, -1.499680280685424805e-01
-7.843448519706726074e-01, -5.818667411804199219e-01, 2.147406935691833496e-01
5.518837571144104004e-01, -6.481822133064270020e-01, 5.246077775955200195e-01
-7.490376234054565430e-01, -4.926253259181976318e-01, 4.429373443126678467e-01
-9.762258529663085938e-01, -1.801239401102066040e-01, -1.202339753508567810e-01
8.732913434505462646e-02, -5.576321482658386230e-01, -8.254605531692504883e-01
4.561264812946319580e-01, 3.459491431713104248e-01, -8.199195861816406250e-01
3.832180500030517578e-01, 9.029415845870971680e-01, 1.943469047546386719e-01
9.005043506622314453e-01, 3.853060007095336914e-01, -2.013075649738311768e-01
2.435270994901657104e-01, 1.030593812465667725e-01, 9.643898606300354004e-01
-5.701696872711181641e-01, -8.054333925247192383e-01, -1.614598333835601807e-01
-5.531938076019287109e-01, -2.913771942257881165e-02, 8.325127363204956055e-01
-8.207082748413085938e-01, 5.419439673423767090e-01, -1.807427257299423218e-01
1.476093940436840057e-02, -9.549602866172790527e-01, 2.962152063846588135e-01
5.955055952072143555e-01, -4.611678123474121094e-01, -6.577382087707519531e-01
9.786016345024108887e-01, 1.733911633491516113e-01, 1.103213354945182800e-01
-5.565216541290283203e-01, 4.119104743003845215e-01, 7.214876413345336914e-01
8.561022877693176270e-01, -4.110066294670104980e-01, -3.131343424320220947e-01
3.400746285915374756e-01, -9.182311296463012695e-01, -2.029139995574951172e-01
-1.244291383773088455e-02, 9.881090521812438965e-01, 1.528843194246292114e-01
-6.553075909614562988e-01, -5.646957159042358398e-01, 5.016472339630126953e-01
-3.508173823356628418e-01, -9.163371324539184570e-01, -1.927354931831359863e-01
5.559087991714477539e-01, 9.361986815929412842e-02, -8.259553313255310059e-01
-6.447666287422180176e-01, -3.767817616462707520e-01, -6.650166511535644531e-01
4.125814437866210938e-01, -9.014236330986022949e-01, -1.307581663131713867e-01
6.141784191131591797e-01, -7.648809552192687988e-01, 1.940101534128189087e-01
4.413845241069793701e-01, -5.353210568428039551e-01, 7.201372981071472168e-01
-8.155494928359985352e-01, 5.186332464218139648e-01, 2.566431164741516113e-01
-5.175208449363708496e-01, 5.900152921676635742e-01, 6.196592450141906738e-01
-2.753956317901611328e-01, 1.452549099922180176e-01, -9.502833485603332520e-01
2.291440665721893311e-01, 8.761135935783386230e-01, 4.240670204162597656e-01
1.821239888668060303e-01, 7.003082633018493652e-01, 6.901923418045043945e-01
3.725343942642211914e-01, 7.124482393264770508e-01, 5.946590900421142578e-01
-7.274053096771240234e-01, -4.534877538681030273e-01, -5.149258375167846680e-01
8.994442224502563477e-01, 4.356873035430908203e-01, -3.221515193581581116e-02
6.697204709053039551e-01, 5.197242498397827148e-01, -5.303357839584350586e-01
3.087852299213409424e-01, -2.689599096775054932e-01, -9.122952222824096680e-01
8.936560153961181641e-02, 6.811866760253906250e-01, -7.266036272048950195e-01
-7.715272903442382812e-01, 2.454000115394592285e-01, 5.868967771530151367e-01
-5.006909370422363281e-01, -4.881720989942550659e-02, -8.642266392707824707e-01
2.044610083103179932e-01, 9.575775861740112305e-01, -2.030298858880996704e-01
-5.816509723663330078e-01, -1.917686685919761658e-02, -8.131819963455200195e-01
-1.796722859144210815e-01, 1.873373091220855713e-01, 9.657205939292907715e-01
-8.204732835292816162e-02, -9.458329677581787109e-01, -3.140293657779693604e-01
-2.605331838130950928e-01, 9.758884459733963013e-02, 9.605099558830261230e-01
8.856326341629028320e-01, -4.643291831016540527e-01, -6.243968382477760315e-04
-1.931520104408264160e-01, 4.216243624687194824e-01, 8.859444856643676758e-01
-2.874739170074462891e-01, -4.137536585330963135e-01, -8.637969493865966797e-01
4.763493537902832031e-01, -7.126457691192626953e-01, -5.149675607681274414e-01
-2.112905681133270264e-01, -9.634455442428588867e-01, 1.643542945384979248e-01
-1.108150184154510498e-01, -4.530315399169921875e-01, -8.845584392547607422e-01
-5.614372491836547852e-01, -7.872677445411682129e-01, 2.547512054443359375e-01
4.378848522901535034e-02, -2.603766918182373047e-01, 9.645009636878967285e-01
-5.166104435920715332e-01, 2.228585332632064819e-01, 8.266863822937011719e-01
-9.995190054178237915e-02, 9.715301394462585449e-01, 2.146777510643005371e-01
3.118298351764678955e-01, 8.311676383018493652e-01, 4.603070616722106934e-01
4.629139900207519531e-01, -8.852304220199584961e-01, -4.531282931566238403e-02
2.265802174806594849e-01, 9.165368080139160156e-01, 3.293946981430053711e-01
-4.016446769237518311e-01, -6.213995218276977539e-01, -6.726599931716918945e-01
-6.040886640548706055e-01, 1.162849813699722290e-01, -7.883728146553039551e-01
4.157372415065765381e-01, 2.274527102708816528e-01, 8.805733919143676758e-01
7.574769258499145508e-01, 5.072105526924133301e-01, -4.109737277030944824e-01
-7.184714674949645996e-01, -6.686390638351440430e-01, -1.914135962724685669e-01
2.009290456771850586e-01, -8.170781135559082031e-01, -5.402932167053222656e-01
9.573042988777160645e-01, 2.852010428905487061e-01, -4.647090286016464233e-02
9.515396952629089355e-01, 5.834282189607620239e-02, 3.018564879894256592e-01
-8.276476263999938965e-01, 5.589760541915893555e-01, 4.924457892775535583e-02
-6.192542314529418945e-01, 6.676675081253051758e-01, 4.131244122982025146e-01
-2.173124253749847412e-01, 3.873804816976189613e-03, 9.760885834693908691e-01
-5.775754451751708984e-01, 2.745786905288696289e-01, -7.687559723854064941e-01
-1.058845818042755127e-01, 3.830456435680389404e-01, 9.176323413848876953e-01
7.075244784355163574e-01, 2.946007847785949707e-01, -6.423129439353942871e-01
-3.342123627662658691e-01, 2.942841649055480957e-01, 8.953640460968017578e-01
-7.072541713714599609e-01, 3.091463148593902588e-01, 6.357277035713195801e-01
8.378502130508422852e-01, -7.450804114341735840e-02, -5.407309532165527344e-01
-7.262483835220336914e-01, -2.978581190109252930e-01, 6.194885969161987305e-01
5.929846167564392090e-01, 7.906974554061889648e-01, 1.519225239753723145e-01
-9.262807369232177734e-01, -3.766488432884216309e-01, -4.907256457954645157e-03
-2.253832072019577026e-01, -7.457409501075744629e-01, -6.269508600234985352e-01
-3.447907567024230957e-01, 1.548955589532852173e-01, 9.258008003234863281e-01
-1.818212568759918213e-01, -8.250507116317749023e-01, 5.349136590957641602e-01
-4.499109983444213867e-01, -8.357343673706054688e-01, -3.146929144859313965e-01
-3.323601186275482178e-02, 8.620065450668334961e-01, -5.057619810104370117e-01
7.388457655906677246e-01, -3.810367286205291748e-01, -5.557298660278320312e-01
-1.526871770620346069e-01, -6.690438389778137207e-01, 7.273404598236083984e-01
-2.836855649948120117e-01, -6.664881706237792969e-01, -6.893908977508544922e-01
-3.376916646957397461e-01, 3.856738284230232239e-02, -9.404605627059936523e-01
4.088637232780456543e-02, -6.732782125473022461e-01, -7.382283210754394531e-01
9.642528891563415527e-01, -2.403304576873779297e-01, 1.111128032207489014e-01
8.639073371887207031e-01, 4.090628921985626221e-01, -2.937247455120086670e-01
-6.675550341606140137e-01, 6.135306358337402344e-01, -4.217208027839660645e-01
-4.705200195312500000e-01, 8.768906593322753906e-01, -9.769345074892044067e-02
