2.573150396347045898e-02, 7.638720562681555748e-04, 9.996685981750488281e-01
-4.308832287788391113e-01, 8.717392683029174805e-01, -2.332600355148315430e-01
5.732805132865905762e-01, -7.908711433410644531e-01, 2.141782045364379883e-01
-5.448510646820068359e-01, 7.234352231025695801e-01, 4.240033626556396484e-01
3.502561151981353760e-01, -8.445971012115478516e-01, 4.049400091171264648e-01
3.168854117393493652e-01, -7.726483941078186035e-01, -5.500891804695129395e-01
7.310130000114440918e-01, 4.369696974754333496e-01, 5.240968465805053711e-01
-1.634778345760423690e-05, -8.446015119552612305e-01, -5.353954434394836426e-01
-7.620441317558288574e-01, -6.473800539970397949e-01, -1.370522566139698029e-02
-7.330010533332824707e-01, -5.420000553131103516e-01, -4.110298156738281250e-01
9.217363595962524414e-01, -3.020108044147491455e-01, -2.432931065559387207e-01
8.666272759437561035e-01, -2.840457558631896973e-01, -4.102135300636291504e-01
3.617472350597381592e-01, -4.863452911376953125e-01, 7.953661084175109863e-01
9.033330082893371582e-01, 4.229287803173065186e-01, 7.155920565128326416e-02
2.446794658899307251e-01, -2.471854686737060547e-01, 9.375666975975036621e-01
9.687827825546264648e-01, -1.678916662931442261e-01, -1.824073195457458496e-01
8.624888211488723755e-02, 9.814985990524291992e-01, -1.709431558847427368e-01
-7.930733561515808105e-01, 2.224735319614410400e-01, 5.670451521873474121e-01
-3.741960227489471436e-01, -8.890626430511474609e-01, 2.637137472629547119e-01
-1.499815434217453003e-01, -8.404048681259155273e-01, -5.207929015159606934e-01
-9.279130101203918457e-01, -1.363305151462554932e-01, -3.469749093055725098e-01
-9.698236584663391113e-01, -1.801246553659439087e-01, 1.643079817295074463e-01
-2.513231337070465088e-01, -6.761191785335540771e-02, -9.655388593673706055e-01
7.990173697471618652e-01, 5.781483054161071777e-01, -1.652745753526687622e-01
3.399768769741058350e-01, -9.163726568222045898e-01, -2.113690376281738281e-01
-8.056377768516540527e-01, 5.862482190132141113e-01, -8.521038293838500977e-02
-2.278953790664672852e-01, -7.519491910934448242e-01, -6.185758709907531738e-01
6.098153591156005859e-01, 1.358214579522609711e-02, -7.924271225929260254e-01
6.475281715393066406e-01, -1.969781219959259033e-01, 7.361432313919067383e-01
-3.761863410472869873e-01, 8.030838966369628906e-01, 4.621039628982543945e-01
-5.622022747993469238e-01, -3.021777234971523285e-02, 8.264474868774414062e-01
-5.956331491470336914e-01, -7.794703245162963867e-01, 1.940287351608276367e-01
-3.767742216587066650e-01, -1.954367905855178833e-01, -9.054532647132873535e-01
1.762268990278244019e-01, 6.897079292684793472e-03, 9.843254089355468750e-01
2.394256889820098877e-01, 4.334381520748138428e-01, 8.687961101531982422e-01
3.244194984436035156e-01, 9.236816763877868652e-01, 2.038729339838027954e-01
7.684700489044189453e-01, -3.822064101696014404e-01, -5.131977796554565430e-01
-2.817673981189727783e-01, 5.824403762817382812e-01, 7.624764442443847656e-01
-9.939600229263305664e-01, 1.076283827424049377e-01, 2.143476717174053192e-02
5.044350624084472656e-01, -6.658082008361816406e-01, -5.497677922248840332e-01
-8.452200889587402344e-01, -3.869010508060455322e-01, 3.686605095863342285e-01
9.288927912712097168e-01, -1.663037687540054321e-01, -3.309097290039062500e-01
-5.061776638031005859e-01, 5.653563737869262695e-01, -6.512728929519653320e-01
-8.977102488279342651e-02, -9.938234090805053711e-01, -6.523971259593963623e-02
2.303062379360198975e-01, -7.101060152053833008e-01, -6.653634309768676758e-01
1.634821668267250061e-02, -7.284029722213745117e-01, 6.849538683891296387e-01
9.408438205718994141e-01, 3.024247884750366211e-01, 1.528139412403106689e-01
-8.710780143737792969e-01, -1.411665529012680054e-01, 4.704201221466064453e-01
-1.045367494225502014e-01, -9.675481915473937988e-02, -9.898033142089843750e-01
9.519168138504028320e-01, 3.247001767158508301e-02, -3.046311736106872559e-01
-2.937306463718414307e-01, -3.829920887947082520e-01, 8.758078217506408691e-01
9.528609514236450195e-01, -1.624644100666046143e-01, 2.562448382377624512e-01
-8.287003040313720703e-01, 3.337891697883605957e-01, -4.492667615413665771e-01
-1.397166103124618530e-01, -7.521888613700866699e-02, 9.873304367065429688e-01
-2.410261332988739014e-01, 8.774408102035522461e-01, 4.147337377071380615e-01
1.322644948959350586e-01, 6.905758976936340332e-01, -7.110633254051208496e-01
-6.672160029411315918e-01, 4.717407748103141785e-02, 7.433689832687377930e-01
8.277869820594787598e-01, 5.454716682434082031e-01, 1.312606334686279297e-01
4.344615936279296875e-01, 8.559274077415466309e-01, 2.804130017757415771e-01
2.220335006713867188e-01, 7.889695167541503906e-01, 5.729120969772338867e-01
6.834260821342468262e-01, 6.884738802909851074e-01, -2.427601367235183716e-01
-9.896226525306701660e-01, 6.400249898433685303e-02, -1.286494880914688110e-01
-3.695594966411590576e-01, -9.199878573417663574e-01, -1.305686384439468384e-01
6.304520368576049805e-01, -7.701352238655090332e-01, -9.706678986549377441e-02
7.368154823780059814e-02, 5.673152804374694824e-01, 8.201977610588073730e-01
4.398058056831359863e-01, -7.728579640388488770e-01, -4.574510753154754639e-01
-8.155375719070434570e-01, -4.710223525762557983e-02, 5.767840147018432617e-01
7.921741157770156860e-02, -3.406897783279418945e-01, -9.368324875831604004e-01
1.536912918090820312e-01, 9.727700948715209961e-01, 1.734858602285385132e-01
-2.116005420684814453e-01, -9.655247330665588379e-01, -1.516150981187820435e-01
2.107481360435485840e-01, 5.654061436653137207e-01, -7.974340915679931641e-01
-7.454484701156616211e-01, -6.324260830879211426e-01, -2.105796784162521362e-01
2.401750683784484863e-01, 2.934404611587524414e-01, -9.253154397010803223e-01
-3.589751422405242920e-01, -2.490309625864028931e-01, 8.995112180709838867e-01
-5.169128626585006714e-02, 4.967344701290130615e-01, 8.663618564605712891e-01
3.776768445968627930e-01, 2.981625795364379883e-01, 8.766180872917175293e-01
-7.677819132804870605e-01, 8.328246325254440308e-02, 6.352754831314086914e-01
-4.576008319854736328e-01, 4.489014446735382080e-01, -7.675213217735290527e-01
9.047895669937133789e-01, -4.048776030540466309e-01, -1.320224553346633911e-01
5.476547479629516602e-01, -7.672532796859741211e-01, -3.337613642215728760e-01
-2.872001230716705322e-01, 7.845724821090698242e-01, -5.495108962059020996e-01
8.957260251045227051e-01, 2.370531298220157623e-02, 4.439739584922790527e-01
-8.564674258232116699e-01, 1.000367701053619385e-01, 5.064150094985961914e-01
2.307613044977188110e-01, 8.778032660484313965e-01, -4.197745919227600098e-01
-6.969474554061889648e-01, -7.091358900070190430e-01, 1.067264378070831299e-01
-1.338509470224380493e-01, 9.516986012458801270e-01, 2.763215601444244385e-01
7.544060349464416504e-01, 1.582831889390945435e-01, -6.370384693145751953e-01
7.895560860633850098e-01, 5.428807735443115234e-01, 2.861496508121490479e-01
-2.638732790946960449e-01, -3.547939360141754150e-01, -8.969348669052124023e-01
-6.813719272613525391e-01, 4.817098081111907959e-01, 5.510789752006530762e-01
5.338820815086364746e-01, 4.362846612930297852e-01, -7.243103981018066406e-01
-4.012368023395538330e-01, -8.366314172744750977e-01, -3.729034960269927979e-01
2.174694538116455078e-01, -5.180718302726745605e-01, 8.272294998168945312e-01
-7.347329258918762207e-01, 4.314282834529876709e-01, -5.234854817390441895e-01
3.794302046298980713e-01, -6.655233502388000488e-01, -6.427373886108398438e-01
8.178365826606750488e-01, 2.789345756173133850e-02, -5.747740268707275391e-01
5.759203433990478516e-01, -5.131413936614990234e-01, 6.363973617553710938e-01
-2.723575830459594727e-01, -6.450042128562927246e-01, -7.139964699745178223e-01
-4.395541548728942871e-01, -8.981713652610778809e-01, 8.961752057075500488e-03
7.674716711044311523e-01, -6.239939332008361816e-01, -1.470333933830261230e-01
7.228559255599975586e-01, 1.749004423618316650e-02, 6.907773017883300781e-01
2.670101225376129150e-01, 4.388600289821624756e-01, -8.579670190811157227e-01
-7.638965249061584473e-01, 4.870957732200622559e-01, 4.233199656009674072e-01
3.715668320655822754e-01, -6.845824718475341797e-01, 6.271243095397949219e-01
8.475988358259201050e-02, 2.956393361091613770e-01, 9.515320062637329102e-01
3.669014275074005127e-01, 5.694134235382080078e-01, 7.356301546096801758e-01
9.002794027328491211e-01, 4.281840920448303223e-01, -7.845667749643325806e-02
4.750212132930755615e-01, 7.816161513328552246e-01, 4.042660892009735107e-01
-8.880038857460021973e-01, -4.598086476325988770e-01, -5.016468930989503860e-03
-7.168592214584350586e-01, 6.759123802185058594e-01, -1.710416972637176514e-01
-7.794618606567382812e-01, -1.969747394323348999e-01, 5.946765542030334473e-01
2.843039631843566895e-01, -9.444041848182678223e-01, 1.651423424482345581e-01
-1.448045074939727783e-01, -3.804331421852111816e-01, 9.134014844894409180e-01
-3.750847280025482178e-01, 5.694435238838195801e-01, -7.314680218696594238e-01
-2.739879786968231201e-01, 9.278185963630676270e-01, -2.531467080116271973e-01
2.642026171088218689e-02, -8.898528218269348145e-01, 4.554820060729980469e-01
-3.494856953620910645e-01, 1.388960927724838257e-01, 9.265892505645751953e-01
-3.267187476158142090e-01, -7.996919155120849609e-01, -5.037338733673095703e-01
3.255736827850341797e-01, 8.562667295336723328e-03, 9.454779028892517090e-01
-5.408027172088623047e-01, -7.109745144844055176e-01, 4.494971632957458496e-01
5.082916021347045898e-01, 5.631421208381652832e-01, 6.515448093414306641e-01
5.016149878501892090e-01, 1.619511544704437256e-01, 8.497965931892395020e-01
2.648048400878906250e-01, -9.602085947990417480e-01, -8.875755220651626587e-02
-4.129973351955413818e-01, -7.443311810493469238e-01, 5.247898101806640625e-01
5.241442322731018066e-01, 3.006002008914947510e-01, 7.968138456344604492e-01
-9.310126900672912598e-01, 1.413461714982986450e-01, 3.365065157413482666e-01
2.214927226305007935e-01, 1.497011035680770874e-01, 9.636029005050659180e-01
7.302115559577941895e-01, -3.022486269474029541e-01, 6.127290129661560059e-01
-6.321945190429687500e-01, -1.127996370196342468e-01, -7.665548324584960938e-01
1.203202679753303528e-01, -4.164610207080841064e-01, 9.011566042900085449e-01
3.903136253356933594e-01, -5.467029213905334473e-01, -7.407909035682678223e-01
8.469649553298950195e-01, 2.912481129169464111e-01, 4.447751045227050781e-01
4.657983481884002686e-01, -8.746253252029418945e-01, 1.343964189291000366e-01
5.527047514915466309e-01, -8.331696987152099609e-01, 1.859350688755512238e-02
3.230770528316497803e-01, 8.647717237472534180e-01, 3.844361007213592529e-01
1.708351671695709229e-01, 7.864182591438293457e-01, -5.936005711555480957e-01
-7.810251712799072266e-01, -2.828716039657592773e-01, -5.567613840103149414e-01
-2.438890039920806885e-01, 9.548284411430358887e-01, 1.697667539119720459e-01
8.486422896385192871e-01, 1.539111584424972534e-01, 5.060806870460510254e-01
-8.177554011344909668e-01, -5.668256878852844238e-01, 9.992342442274093628e-02
-4.396708309650421143e-01, 6.829838752746582031e-01, -5.832859873771667480e-01
-4.217726886272430420e-01, 7.770247459411621094e-01, -4.672690033912658691e-01
9.215643405914306641e-01, -3.877511322498321533e-01, 1.918920874595642090e-02
9.560016989707946777e-01, 1.773898303508758545e-01, -2.336527556180953979e-01
-7.322915792465209961e-01, -3.592733740806579590e-01, 5.785081386566162109e-01
9.603744149208068848e-01, -2.702346146106719971e-01, -6.822222471237182617e-02
5.816546082496643066e-01, 7.949866652488708496e-01, -1.722617745399475098e-01
4.308881461620330811e-01, -7.481846213340759277e-01, 5.045346617698669434e-01
-5.881037116050720215e-01, -6.000127196311950684e-01, 5.423271656036376953e-01
4.231607615947723389e-01, -4.144708216190338135e-01, -8.056977987289428711e-01
-7.863471657037734985e-02, 5.550433993339538574e-01, -8.280962705612182617e-01
2.302007824182510376e-01, -3.348364830017089844e-01, -9.137243032455444336e-01
-8.654627203941345215e-01, -2.395353019237518311e-01, -4.399966597557067871e-01
-4.841620624065399170e-01, 4.033694267272949219e-01, 7.764536142349243164e-01
4.381282627582550049e-01, -8.947183489799499512e-01, -8.673370629549026489e-02
9.875697493553161621e-01, 3.890757635235786438e-02, 1.522901505231857300e-01
1.702902168035507202e-01, -8.075270056724548340e-01, -5.647135376930236816e-01
9.247633814811706543e-02, 8.683040142059326172e-01, -4.873358905315399170e-01
5.194708704948425293e-01, -5.540358424186706543e-01, -6.505338549613952637e-01
8.966484069824218750e-01, -2.508428990840911865e-01, 3.648280203342437744e-01
-8.282833099365234375e-01, -2.869454026222229004e-01, 4.812578558921813965e-01
1.598682105541229248e-01, 9.398413896560668945e-01, -3.018945455551147461e-01
-1.440917104482650757e-01, -7.449551224708557129e-01, 6.513673663139343262e-01
7.228806614875793457e-01, 5.481579899787902832e-01, 4.206737577915191650e-01
-5.805120468139648438e-01, 4.607517123222351074e-01, 6.713520884513854980e-01
-3.267723917961120605e-01, 9.006085395812988281e-01, 2.865730524063110352e-01
1.763609945774078369e-01, -8.692874312400817871e-01, 4.617750346660614014e-01
-2.162412973120808601e-03, -3.390516936779022217e-01, 9.407652616500854492e-01
-1.991332918405532837e-01, 1.878920793533325195e-01, -9.617912769317626953e-01
2.895844280719757080e-01, 6.831214427947998047e-01, 6.704370975494384766e-01
-6.231259107589721680e-01, 7.241440415382385254e-01, 2.955158054828643799e-01
-6.279886513948440552e-02, 2.136014550924301147e-01, 9.749003648757934570e-01
-6.977810263633728027e-01, 3.509132564067840576e-01, 6.244689822196960449e-01
-2.010592669248580933e-01, 4.796862304210662842e-01, 8.540938496589660645e-01
-5.848497152328491211e-01, 1.636859029531478882e-01, 7.944543957710266113e-01
-3.416723310947418213e-01, 2.949264049530029297e-01, 8.923443555831909180e-01
-9.337664246559143066e-01, -3.467192649841308594e-01, 8.869073539972305298e-02
-3.543625026941299438e-02, -8.187270760536193848e-01, 5.730884075164794922e-01
-7.963436841964721680e-02, 7.610385417938232422e-01, 6.438001990318298340e-01
7.337649911642074585e-02, 9.961695671081542969e-01, 4.756105691194534302e-02
-6.978754401206970215e-01, 2.108902931213378906e-01, 6.844670772552490234e-01
-5.376085042953491211e-01, -3.244072794914245605e-01, -7.782910466194152832e-01
4.454212486743927002e-01, -5.696974992752075195e-01, 6.906841993331909180e-01
-3.934242129325866699e-01, -2.436106093227863312e-02, 9.190342426300048828e-01
6.486061215400695801e-01, 3.027502596378326416e-01, 6.983211040496826172e-01
-9.701234102249145508e-01, -3.879100456833839417e-02, -2.394909262657165527e-01
-9.745240807533264160e-01, 6.192927435040473938e-02, 2.155635356903076172e-01
3.576443195343017578e-01, 7.834727764129638672e-01, 5.081937909126281738e-01
-5.298231244087219238e-01, -1.906311698257923126e-02, -8.478938937187194824e-01
-4.266532063484191895e-01, -4.168191850185394287e-01, 8.026386499404907227e-01
4.984246492385864258e-01, -4.349574446678161621e-01, 7.499232292175292969e-01
-6.327863335609436035e-01, -4.745943546295166016e-01, 6.118346452713012695e-01
5.152159929275512695e-01, 8.431707024574279785e-01, 1.536740213632583618e-01
6.361156105995178223e-01, 2.972288429737091064e-01, -7.120476961135864258e-01
-2.363644093275070190e-01, -8.843489289283752441e-01, -4.025653004646301270e-01
-3.274116516113281250e-01, 9.443215727806091309e-01, 3.253274783492088318e-02
2.898092269897460938e-01, -6.133411526679992676e-01, 7.347266674041748047e-01
-7.978924512863159180e-01, 2.293467074632644653e-01, -5.574654340744018555e-01
-6.126414984464645386e-02, 9.760615229606628418e-01, -2.086880207061767578e-01
3.905643820762634277e-01, -8.816135525703430176e-01, 2.649849355220794678e-01
-9.147877693176269531e-01, 1.855101669207215309e-03, 4.039306640625000000e-01
-6.786445975303649902e-01, -2.605430781841278076e-01, 6.867014169692993164e-01
-5.306910872459411621e-01, 8.385134339332580566e-01, -1.235402822494506836e-01
8.502101302146911621e-01, -5.234308838844299316e-01, -5.623964220285415649e-02
-3.528530299663543701e-01, 8.618584871292114258e-01, -3.642727434635162354e-01
-4.569537043571472168e-01, 7.030299901962280273e-01, 5.449239015579223633e-01
-7.882162332534790039e-01, -5.225838422775268555e-01, 3.249943554401397705e-01
-6.995315551757812500e-01, 3.305815458297729492e-01, -6.335388422012329102e-01
8.646578192710876465e-01, 4.503060281276702881e-01, -2.226912081241607666e-01
-5.112316608428955078e-01, -1.706888973712921143e-01, -8.423226475715637207e-01
4.831722080707550049e-01, 1.229121256619691849e-02, -8.754390478134155273e-01
7.187616825103759766e-01, 6.884645819664001465e-01, -9.694446623325347900e-02
-1.120973229408264160e-01, 7.235857844352722168e-02, 9.910592436790466309e-01
-1.758615300059318542e-02, 4.229621589183807373e-01, -9.059767127037048340e-01
-2.772429287433624268e-01, -9.606797695159912109e-01, -1.518982276320457458e-02
-6.010429859161376953e-01, 3.152171373367309570e-01, 7.344286441802978516e-01
9.594977498054504395e-01, 1.693530976772308350e-01, 2.251301407814025879e-01
-9.969971776008605957e-01, -6.213195994496345520e-02, -4.622008651494979858e-02
-3.712993264198303223e-01, -7.006101608276367188e-01, -6.093293428421020508e-01
-3.806904554367065430e-01, -8.320395350456237793e-01, 4.034661650657653809e-01
4.363607168197631836e-01, 8.769115209579467773e-01, -2.015328407287597656e-01
-8.107447624206542969e-01, -5.122082829475402832e-01, -2.834354043006896973e-01
-6.410244703292846680e-01, 2.235764414072036743e-01, -7.342351078987121582e-01
-6.028469204902648926e-01, -1.675316542387008667e-01, 7.800697088241577148e-01
6.498526930809020996e-01, 4.299433231353759766e-01, -6.267696022987365723e-01
8.951519727706909180e-01, 3.057990968227386475e-01, -3.243297636508941650e-01
6.922177672386169434e-01, -4.433481991291046143e-01, 5.694531798362731934e-01
4.069513678550720215e-01, 6.958800554275512695e-01, -5.917274951934814453e-01
-5.134935379028320312e-01, -7.936764955520629883e-01, 3.261931836605072021e-01
8.806959986686706543e-01, -4.474323391914367676e-01, 1.554956585168838501e-01
2.243226915597915649e-01, 5.632852315902709961e-01, 7.952289581298828125e-01
-6.185104325413703918e-02, -9.087390303611755371e-01, -4.127563536167144775e-01
-2.549964785575866699e-01, 2.351220883429050446e-02, 9.666560888290405273e-01
-5.391260981559753418e-01, 8.171594738960266113e-01, 2.039444744586944580e-01
-5.789158940315246582e-01, -3.808429241180419922e-01, 7.209819555282592773e-01
5.521207302808761597e-02, -7.575154900550842285e-01, -6.504783034324645996e-01
6.283512711524963379e-01, 5.580461025238037109e-01, 5.419955849647521973e-01
-8.722537159919738770e-01, -4.526824653148651123e-01, 1.850733011960983276e-01
6.547095179557800293e-01, 6.659519672393798828e-01, 3.575800061225891113e-01
8.479585051536560059e-01, -1.642689853906631470e-01, -5.039663314819335938e-01
5.640740990638732910e-01, -7.005562782287597656e-01, 4.370826184749603271e-01
5.268851518630981445e-01, 6.907036900520324707e-01, -4.952982664108276367e-01
1.366442535072565079e-02, 8.563729524612426758e-01, 5.161769390106201172e-01
2.498986124992370605e-01, -5.952572226524353027e-01, -7.636880874633789062e-01
1.380200684070587158e-01, -9.736565351486206055e-01, -1.815028488636016846e-01
2.461373209953308105e-01, 1.447154432535171509e-01, -9.583704471588134766e-01
-7.421866059303283691e-01, 1.297290474176406860e-01, -6.575175523757934570e-01
1.352541148662567139e-01, -2.038428336381912231e-01, -9.696155786514282227e-01
8.320630788803100586e-01, 3.080381751060485840e-01, -4.612846374511718750e-01
8.174409866333007812e-01, -5.691146850585937500e-01, 8.887512981891632080e-02
2.285587042570114136e-01, -7.233222126960754395e-01, 6.515871882438659668e-01
4.729184806346893311e-01, 1.563618704676628113e-02, 8.809674382209777832e-01
-6.134144663810729980e-01, 5.842998623847961426e-01, -5.313345193862915039e-01
-8.840705752372741699e-01, 4.673133790493011475e-01, 6.113685667514801025e-03
7.467722892761230469e-01, 4.361958801746368408e-01, -5.020601153373718262e-01
1.379276216030120850e-01, -9.732031226158142090e-01, 1.839882582426071167e-01
-8.792951703071594238e-01, 1.324615031480789185e-01, -4.574867188930511475e-01
-9.243106245994567871e-01, 2.808373868465423584e-01, 2.584186792373657227e-01
5.614780783653259277e-01, 6.773593425750732422e-01, 4.753174483776092529e-01
6.818899512290954590e-02, -5.422353148460388184e-01, 8.374551534652709961e-01
9.848693758249282837e-02, 1.411132067441940308e-01, -9.850824475288391113e-01
-9.410170316696166992e-01, -3.268525004386901855e-01, -8.748935163021087646e-02
7.586530447006225586e-01, 2.997998893260955811e-01, 5.784164071083068848e-01
-9.029195904731750488e-01, -1.322636753320693970e-02, -4.296060204505920410e-01
-8.390237689018249512e-01, -1.049464344978332520e-01, -5.338776707649230957e-01
5.349310040473937988e-01, -2.803512215614318848e-01, 7.970269918441772461e-01
-3.049053810536861420e-02, -4.368222057819366455e-01, -8.990309834480285645e-01
-5.169283151626586914e-01, 2.605067491531372070e-01, -8.154270648956298828e-01
7.584941387176513672e-01, 5.711042881011962891e-01, -3.138892054557800293e-01
3.671042919158935547e-01, 1.525680124759674072e-01, 9.175823926925659180e-01
-6.518039107322692871e-01, -5.328419208526611328e-01, -5.396584272384643555e-01
-9.764539003372192383e-01, -2.150189727544784546e-01, 1.745536364614963531e-02
-9.935014843940734863e-01, -4.084588959813117981e-02, 1.062377318739891052e-01
-6.545988321304321289e-01, -2.551361024379730225e-01, -7.116219997406005859e-01
-9.177334904670715332e-01, -3.187259733676910400e-01, 2.370209842920303345e-01
-7.428508996963500977e-01, -6.302016377449035645e-01, 2.258725017309188843e-01
-6.901994943618774414e-01, -5.939243435859680176e-01, 4.133745431900024414e-01
-2.175504118204116821e-01, 5.874465703964233398e-01, -7.794731259346008301e-01
-7.898587584495544434e-01, 3.581384420394897461e-01, 4.978554248809814453e-01
-3.602604269981384277e-01, 6.598714590072631836e-01, 6.593800187110900879e-01
2.197936363518238068e-02, 9.311161637306213379e-01, -3.640600144863128662e-01
-4.543966054916381836e-01, 8.272905945777893066e-01, 3.303240537643432617e-01
3.621339499950408936e-01, -9.313704967498779297e-01, 3.752311691641807556e-02
7.370407581329345703e-01, -5.123685002326965332e-01, -4.407372772693634033e-01
9.872014522552490234e-01, 2.357872761785984039e-02, -1.577258259057998657e-01
5.993092656135559082e-01, 5.602428317070007324e-01, -5.718010067939758301e-01
3.616512715816497803e-01, 9.290540814399719238e-01, -7.789002358913421631e-02
-4.212931394577026367e-01, 5.352494120597839355e-01, 7.321339845657348633e-01
4.146906733512878418e-01, 9.078745245933532715e-01, 6.160773709416389465e-02
-1.347371935844421387e-01, 9.332681298255920410e-01, -3.329511582851409912e-01
-1.953166574239730835e-01, 9.724645018577575684e-01, -1.271387338638305664e-01
-7.385595887899398804e-02, 8.805670142173767090e-01, -4.681313335895538330e-01
7.614380866289138794e-02, -9.432067275047302246e-01, 3.233623206615447998e-01
6.501890420913696289e-01, -6.954390406608581543e-01, 3.059719502925872803e-01
-4.631899595260620117e-01, 8.862564563751220703e-01, 2.123906509950757027e-03
1.305899024009704590e-01, 3.990260958671569824e-01, -9.075926542282104492e-01
5.502871870994567871e-01, -4.237866997718811035e-01, -7.194364666938781738e-01
-6.033741831779479980e-01, 7.629020810127258301e-01, -2.322068661451339722e-01
5.875596776604652405e-02, -9.456803798675537109e-01, -3.197442293167114258e-01
9.842244982719421387e-01, 1.551743447780609131e-01, -8.498898893594741821e-02
8.199917078018188477e-01, -3.118006587028503418e-01, 4.799936711788177490e-01
4.070250988006591797e-01, -3.484208881855010986e-01, 8.443538546562194824e-01
-8.987387269735336304e-02, 9.060096144676208496e-01, 4.136051833629608154e-01
-2.821024134755134583e-02, -9.789698719978332520e-01, -2.020452916622161865e-01
6.191884279251098633e-01, -6.652072668075561523e-01, -4.172588884830474854e-01
-3.146773576736450195e-01, -4.883778095245361328e-01, -8.139197230339050293e-01
-5.027351975440979004e-01, -2.878066599369049072e-01, 8.151224851608276367e-01
-6.532071232795715332e-01, 6.741870641708374023e-01, -3.446626663208007812e-01
2.348263114690780640e-01, 2.947806119918823242e-01, 9.262618422508239746e-01
5.164362192153930664e-01, 4.382212162017822266e-01, 7.357008457183837891e-01
-9.554675221443176270e-01, -7.948444783687591553e-02, 2.841900885105133057e-01
9.572061896324157715e-01, 2.887637019157409668e-01, -1.928440853953361511e-02
-1.345742493867874146e-01, 5.994422435760498047e-01, 7.890238761901855469e-01
-5.012511014938354492e-01, -5.078241229057312012e-01, 7.006154060363769531e-01
1.453702300786972046e-01, 6.783899664878845215e-01, 7.201767563819885254e-01
-6.090384125709533691e-01, -7.611287832260131836e-01, -2.230587899684906006e-01
7.421152591705322266e-01, -6.702527999877929688e-01, -5.106947384774684906e-03
2.315805852413177490e-01, -9.164349436759948730e-01, 3.263700902462005615e-01
-4.683882594108581543e-01, -1.485055536031723022e-01, 8.709526658058166504e-01
6.050145998597145081e-02, 9.208880066871643066e-01, 3.851038813591003418e-01
-3.092447817325592041e-01, -9.114170670509338379e-01, -2.714527547359466553e-01
-5.026866868138313293e-02, -1.977166384458541870e-01, 9.789694547653198242e-01
-1.822074204683303833e-01, 9.828863739967346191e-01, 2.710625901818275452e-02
-8.879200220108032227e-01, -4.148989021778106689e-01, -1.986377537250518799e-01
8.423944115638732910e-01, 1.664644330739974976e-01, -5.125049352645874023e-01
-3.043034076690673828e-01, 7.448416948318481445e-02, -9.496586322784423828e-01
-6.209978461265563965e-01, 8.136019110679626465e-02, -7.795782089233398438e-01
9.919869899749755859e-01, -1.261104643344879150e-01, 7.610084488987922668e-03
1.308103799819946289e-01, -8.884576559066772461e-01, -4.399223625659942627e-01
-2.864423990249633789e-01, -1.249939426779747009e-01, 9.499090909957885742e-01
-6.168499961495399475e-02, 9.909266233444213867e-01, 1.194129660725593567e-01
8.813023567199707031e-01, -1.302134245634078979e-01, 4.542582631111145020e-01
2.759104669094085693e-01, 6.935737729072570801e-01, -6.654538512229919434e-01
-6.470628380775451660e-01, 7.594850063323974609e-01, -6.702394038438796997e-02
6.630894541740417480e-01, -7.116764783859252930e-01, -2.320106774568557739e-01
-6.275314092636108398e-01, 4.656997025012969971e-01, -6.239616274833679199e-01
-6.923000812530517578e-01, -3.989772796630859375e-01, -6.012800931930541992e-01
8.208640813827514648e-01, 4.341265261173248291e-01, -3.711016178131103516e-01
-5.089538544416427612e-02, 3.578637838363647461e-01, 9.323857426643371582e-01
3.501872122287750244e-01, 5.740743875503540039e-01, -7.401401996612548828e-01
-6.672064065933227539e-01, -7.399902343750000000e-01, -8.514743298292160034e-02
-3.217797875404357910e-01, -6.706078052520751953e-01, 6.683883666992187500e-01
-6.735697984695434570e-01, 7.231412529945373535e-01, 1.528736799955368042e-01
-9.422280788421630859e-01, 3.316129148006439209e-01, 4.731981083750724792e-02
-1.657404005527496338e-01, -8.512045741081237793e-01, 4.979768097400665283e-01
-1.955098807811737061e-01, -6.369490027427673340e-01, 7.457022666931152344e-01
3.796691596508026123e-01, 4.396890103816986084e-01, 8.139563202857971191e-01
-9.695411920547485352e-01, 2.065505385398864746e-01, 1.316310018301010132e-01
-9.138550162315368652e-01, -2.139001637697219849e-01, 3.451315164566040039e-01
4.183311462402343750e-01, -8.494605422019958496e-01, -3.215833604335784912e-01
6.326355338096618652e-01, 4.396052956581115723e-01, 6.375887393951416016e-01
-3.446648716926574707e-01, 9.309931993484497070e-01, -1.202404424548149109e-01
-2.228507101535797119e-01, 8.702114820480346680e-01, -4.393968582153320312e-01
7.228606939315795898e-01, 1.564229838550090790e-02, -6.908167004585266113e-01
2.046686559915542603e-01, 9.290136694908142090e-01, 3.082924187183380127e-01
8.185418844223022461e-01, 2.219125069677829742e-02, 5.740180611610412598e-01
-4.654777944087982178e-01, -7.325242161750793457e-01, -4.967279732227325439e-01
3.413811922073364258e-01, 9.223185479640960693e-03, -9.398796558380126953e-01
7.493163347244262695e-01, 6.602934002876281738e-01, 5.037578195333480835e-02
-9.426860809326171875e-01, 8.442024141550064087e-02, -3.228253126144409180e-01
8.947884440422058105e-01, 2.602295950055122375e-02, -4.457312524318695068e-01
-9.739997386932373047e-01, -1.852050274610519409e-01, -1.304742097854614258e-01
-9.236389398574829102e-01, 3.691874444484710693e-01, -1.029161289334297180e-01
7.986262440681457520e-01, -1.709187179803848267e-01, 5.770467519760131836e-01
2.711461186408996582e-01, 9.603743553161621094e-01, 6.450410932302474976e-02
6.129195913672447205e-02, -9.966964125633239746e-01, -5.328792706131935120e-02
-5.027545690536499023e-01, 7.944710850715637207e-01, -3.406663239002227783e-01
-6.954005956649780273e-01, 6.126365065574645996e-01, 3.756253719329833984e-01
-4.812354445457458496e-01, 2.651651501655578613e-01, 8.355237245559692383e-01
-2.054483145475387573e-01, -9.549989700317382812e-01, 2.139346003532409668e-01
8.581451177597045898e-01, -3.942954838275909424e-01, 3.288130760192871094e-01
-5.306868553161621094e-01, -5.861948728561401367e-01, -6.121658086776733398e-01
4.818524718284606934e-01, 5.703045725822448730e-01, -6.652600169181823730e-01
-2.299092113971710205e-01, -2.154813110828399658e-01, -9.490572214126586914e-01
-2.817919850349426270e-01, 7.641142606735229492e-01, 5.802781581878662109e-01
9.514082670211791992e-01, 3.896781429648399353e-02, 3.054567575454711914e-01
-7.199841141700744629e-01, -1.506216917186975479e-02, -6.938270330429077148e-01
-9.597011208534240723e-01, 1.862858235836029053e-01, -2.104075551033020020e-01
-8.253667950630187988e-01, 5.514234900474548340e-01, 1.212507188320159912e-01
-1.506657600402832031e-01, 4.738775640726089478e-02, -9.874483346939086914e-01
5.263671278953552246e-01, 7.899261713027954102e-01, -3.145699203014373779e-01
1.309439837932586670e-01, -6.478877663612365723e-01, 7.503966689109802246e-01
7.339005917310714722e-02, 1.427254676818847656e-01, 9.870376586914062500e-01
-3.964420557022094727e-01, -4.664435982704162598e-02, -9.168740510940551758e-01
-2.713029384613037109e-01, -7.741668820381164551e-01, 5.718919038772583008e-01
6.271780133247375488e-01, -5.683284997940063477e-01, -5.325884819030761719e-01
9.246472716331481934e-01, -3.070116043090820312e-01, 2.253248095512390137e-01
-4.806355834007263184e-01, 8.866591006517410278e-02, 8.724263906478881836e-01
3.845112621784210205e-01, -2.047917693853378296e-01, 9.001174569129943848e-01
-8.920092582702636719e-01, 4.214294254779815674e-01, 1.634528189897537231e-01
7.219849228858947754e-01, -5.801374912261962891e-01, 3.770652413368225098e-01
6.395145058631896973e-01, -5.769425034523010254e-01, 5.080930590629577637e-01
-5.341472625732421875e-01, -7.677031159400939941e-01, -3.540036380290985107e-01
2.870202958583831787e-01, -1.825095266103744507e-01, -9.403773546218872070e-01
7.254467010498046875e-01, -6.070356965065002441e-01, -3.243991136550903320e-01
3.043338954448699951e-01, 7.966333627700805664e-01, -5.222606062889099121e-01
7.643561363220214844e-01, -2.537764012813568115e-01, -5.927539467811584473e-01
-9.316080808639526367e-01, -2.575705945491790771e-01, -2.564446032047271729e-01
-5.333495140075683594e-01, -8.403491973876953125e-01, -9.670289605855941772e-02
5.165275931358337402e-01, -6.403118968009948730e-01, 5.685067176818847656e-01
-1.688828766345977783e-01, 4.449415504932403564e-01, -8.794916868209838867e-01
-5.148431286215782166e-02, 1.627502888441085815e-01, -9.853231310844421387e-01
-7.515875250101089478e-02, -5.035591721534729004e-01, 8.606854081153869629e-01
3.900054097175598145e-01, 1.523830294609069824e-01, -9.081162810325622559e-01
6.998129934072494507e-02, 5.343982577323913574e-01, -8.423307538032531738e-01
5.131827592849731445e-01, 3.086737096309661865e-01, -8.008520007133483887e-01
-3.644187152385711670e-01, -5.479061603546142578e-01, 7.529926300048828125e-01
-1.502635031938552856e-01, -9.451914429664611816e-01, -2.898859977722167969e-01
2.671529650688171387e-01, -3.872202038764953613e-01, 8.824340105056762695e-01
1.130670607089996338e-01, -4.841800928115844727e-01, -8.676320910453796387e-01
-1.774764992296695709e-02, -2.195310741662979126e-01, -9.754440784454345703e-01
-3.057556748390197754e-01, 4.748031198978424072e-01, -8.252729773521423340e-01
-7.482617497444152832e-01, -4.668012559413909912e-01, 4.713819324970245361e-01
2.892771959304809570e-01, -7.948347330093383789e-01, 5.334383845329284668e-01
-4.146080911159515381e-01, 8.951458334922790527e-01, 1.637500077486038208e-01
6.610385179519653320e-01, -7.434946894645690918e-01, 1.012115925550460815e-01
9.333129525184631348e-01, 3.153626620769500732e-01, -1.716777831315994263e-01
1.926996558904647827e-02, 7.986496686935424805e-01, -6.014876961708068848e-01
-7.866726517677307129e-01, -4.084152281284332275e-01, -4.629720747470855713e-01
-2.540433406829833984e-01, 3.224088251590728760e-01, -9.118741750717163086e-01
-5.849074125289916992e-01, 3.629800975322723389e-01, -7.253473401069641113e-01
6.056804060935974121e-01, 1.699392870068550110e-02, 7.955265045166015625e-01
-1.551189422607421875e-01, 8.315806388854980469e-01, 5.333026647567749023e-01
-8.963850140571594238e-01, 3.586966395378112793e-01, -2.604431807994842529e-01
-5.907726883888244629e-01, -8.059554100036621094e-01, 3.772801160812377930e-02
-7.482535243034362793e-01, -1.558781415224075317e-01, -6.448400020599365234e-01
8.413093090057373047e-01, -4.178807437419891357e-01, -3.428912758827209473e-01
4.073537290096282959e-01, 4.308546781539916992e-01, -8.052497506141662598e-01
5.333816409111022949e-01, -2.938300669193267822e-01, -7.932010293006896973e-01
-1.719402968883514404e-01, -4.746584296226501465e-01, -8.632125258445739746e-01
-9.226158261299133301e-02, -7.277219891548156738e-01, -6.796385645866394043e-01
1.905689090490341187e-01, 9.797506928443908691e-01, -6.141804531216621399e-02
6.185838580131530762e-01, -3.582743704319000244e-01, 6.992806792259216309e-01
8.349555134773254395e-01, 5.499651432037353516e-01, -1.968797482550144196e-02
-1.443288624286651611e-01, -6.040120720863342285e-01, -7.837975621223449707e-01
-8.240246772766113281e-01, 4.275671392679214478e-02, -5.649382472038269043e-01
-4.799155294895172119e-01, 1.238707974553108215e-01, -8.685258030891418457e-01
-1.170723419636487961e-02, 6.634616255760192871e-01, -7.481186985969543457e-01
-4.053178429603576660e-01, -3.333024084568023682e-01, -8.512502312660217285e-01
-3.760330006480216980e-02, 9.976543784141540527e-01, -5.719796940684318542e-02
7.400994300842285156e-01, -6.440863013267517090e-01, 1.934053897857666016e-01
-3.921942114830017090e-01, 3.440108895301818848e-01, -8.531355261802673340e-01
8.215289711952209473e-01, 4.271090626716613770e-01, 3.777142465114593506e-01
-8.634791010990738869e-04, -5.752200484275817871e-01, -8.179982304573059082e-01
5.094701051712036133e-01, -1.363952308893203735e-01, 8.496096134185791016e-01
-2.312349826097488403e-01, -5.125103592872619629e-01, 8.269603848457336426e-01
-3.361594974994659424e-01, -9.336118698120117188e-01, 1.239581257104873657e-01
1.526676211506128311e-02, -9.949048757553100586e-01, 9.965547174215316772e-02
-6.333479285240173340e-01, -7.019110918045043945e-01, 3.258699774742126465e-01
1.900259256362915039e-01, 6.668400485068559647e-03, -9.817564487457275391e-01
7.759449481964111328e-01, -4.501610696315765381e-01, 4.418873786926269531e-01
9.017358422279357910e-01, 3.083215057849884033e-01, 3.030022084712982178e-01
-1.580717712640762329e-01, 7.011491656303405762e-01, -6.952720284461975098e-01
-1.221961602568626404e-01, -3.238673508167266846e-01, -9.381780028343200684e-01
5.253686904907226562e-01, -8.293374776840209961e-01, -1.902288049459457397e-01
7.435345053672790527e-01, 3.099450170993804932e-01, -5.925288796424865723e-01
-9.965105354785919189e-02, -9.215530157089233398e-01, 3.752461671829223633e-01
-5.922948718070983887e-01, -6.552994251251220703e-01, -4.687956869602203369e-01
9.128735065460205078e-01, 1.734200567007064819e-01, 3.695774078369140625e-01
1.485594920814037323e-02, 9.684566259384155273e-01, 2.487387806177139282e-01
-9.050571322441101074e-01, 2.374921143054962158e-01, -3.528018295764923096e-01
4.274900555610656738e-01, 7.962673306465148926e-01, -4.280311167240142822e-01
8.316401839256286621e-01, -5.084497928619384766e-01, -2.232788652181625366e-01
6.498423218727111816e-01, 1.502133309841156006e-01, -7.450777888298034668e-01
-2.104407995939254761e-01, 1.844080388545989990e-01, 9.600564241409301758e-01
3.747003674507141113e-01, -2.926423251628875732e-01, -8.797500133514404297e-01
-4.818344861268997192e-02, -6.275616884231567383e-01, 7.770744562149047852e-01
8.529026061296463013e-02, 4.360288977622985840e-01, 8.958818912506103516e-01
-9.713639020919799805e-01, 2.281212210655212402e-01, -6.642933934926986694e-02
-8.667280673980712891e-01, -3.631342053413391113e-01, -3.419297039508819580e-01
9.109128117561340332e-01, 1.633563041687011719e-01, -3.788833916187286377e-01
-8.559540510177612305e-01, 3.728621900081634521e-01, 3.582129478454589844e-01
-9.949067607522010803e-03, 6.702200770378112793e-01, 7.420957088470458984e-01
7.212926447391510010e-02, 7.747073769569396973e-01, 6.281925439834594727e-01
1.094142645597457886e-01, -6.542752981185913086e-01, -7.482996582984924316e-01
-2.045741379261016846e-01, 6.926557421684265137e-01, 6.916483044624328613e-01
4.841223359107971191e-01, -8.012098670005798340e-01, 3.516934216022491455e-01
2.784623205661773682e-01, -8.599005341529846191e-01, -4.278197288513183594e-01
1.796439439058303833e-01, -9.829462170600891113e-01, 3.930266946554183960e-02
6.497191190719604492e-01, 7.510405778884887695e-01, 1.174867302179336548e-01
6.349751949310302734e-01, 1.594329923391342163e-01, 7.559018731117248535e-01
5.821204781532287598e-01, 7.665405869483947754e-01, 2.712034583091735840e-01
-1.326490789651870728e-01, 7.999598979949951172e-01, -5.852079987525939941e-01
2.124527245759963989e-01, -9.284067153930664062e-01, -3.048357665538787842e-01
8.098202943801879883e-01, -5.231246352195739746e-01, 2.655780315399169922e-01
4.321728050708770752e-01, 6.809451580047607422e-01, 5.912193059921264648e-01
2.646347582340240479e-01, 9.448822140693664551e-01, -1.927850842475891113e-01
9.995775222778320312e-01, 2.891445159912109375e-02, -2.953926334157586098e-03
7.558460235595703125e-01, 1.583802849054336548e-01, 6.353050470352172852e-01
3.586341440677642822e-02, 1.104061724618077278e-03, -9.993560910224914551e-01
-3.556590378284454346e-01, 2.103440165519714355e-01, -9.106382727622985840e-01
-4.544815719127655029e-01, -4.512594342231750488e-01, -7.679917812347412109e-01
-3.459396362304687500e-01, 4.446435570716857910e-01, 8.262069225311279297e-01
-8.289826512336730957e-01, -5.463182330131530762e-01, -1.196836158633232117e-01
9.857612103223800659e-02, -2.287008613348007202e-01, 9.684929847717285156e-01
-7.422794699668884277e-01, 6.695294380187988281e-01, 2.741334773600101471e-02
5.236337184906005859e-01, 1.570243090391159058e-01, -8.373476266860961914e-01
-4.687220752239227295e-01, -8.519548177719116211e-01, -2.333936840295791626e-01
4.991084337234497070e-01, 8.640344738960266113e-01, -6.584221124649047852e-02
-7.171741127967834473e-01, 5.507394075393676758e-01, -4.270215630531311035e-01
3.485144376754760742e-01, 8.797261118888854980e-01, -3.234497308731079102e-01
3.822970986366271973e-01, 2.991206645965576172e-01, -8.742858171463012695e-01
-4.608143270015716553e-01, -6.334568262100219727e-01, 6.215968132019042969e-01
6.913962364196777344e-01, 5.657978653907775879e-01, -4.492706060409545898e-01
6.547170281410217285e-01, -3.104483485221862793e-01, -6.891788244247436523e-01
-4.735894873738288879e-02, -9.708225131034851074e-01, 2.350760102272033691e-01
-8.184589147567749023e-01, 4.522078037261962891e-01, -3.544476628303527832e-01
-5.522403120994567871e-01, 6.995868086814880371e-01, -4.534411728382110596e-01
-7.618340253829956055e-01, 5.818666815757751465e-01, -2.846754491329193115e-01
-3.042417466640472412e-01, 6.836596131324768066e-01, -6.633599400520324707e-01
-5.808998346328735352e-01, 8.118237853050231934e-01, 5.913937091827392578e-02
9.634162187576293945e-01, -2.553499042987823486e-01, 8.139781653881072998e-02
-7.491469979286193848e-01, 6.203615665435791016e-01, 2.322289347648620605e-01
6.243892312049865723e-01, 6.817626357078552246e-01, -3.812320232391357422e-01
-5.765509605407714844e-01, -4.544583559036254883e-01, -6.790115237236022949e-01
1.170977950096130371e-01, -8.008913397789001465e-01, 5.872488021850585938e-01
-5.160487890243530273e-01, 5.876542329788208008e-01, 6.231822967529296875e-01
9.836621284484863281e-01, 1.654215455055236816e-01, 7.102436572313308716e-02
-1.921453326940536499e-01, -2.419574111700057983e-01, 9.510713815689086914e-01
-4.080492258071899414e-01, -5.798747539520263672e-01, -7.051532268524169922e-01
8.738374114036560059e-01, 4.335640072822570801e-01, 2.200691848993301392e-01
1.865506619215011597e-01, 8.719595670700073242e-01, 4.526425600051879883e-01
-1.044657304883003235e-01, 3.069784343242645264e-01, -9.459657073020935059e-01
-8.201696276664733887e-01, 4.978778362274169922e-01, 2.818500995635986328e-01
-1.459011733531951904e-01, -9.861207604408264160e-01, 7.923818379640579224e-02
-7.178165912628173828e-01, -8.924164623022079468e-02, 6.904891133308410645e-01
-6.120512485504150391e-01, 6.076934337615966797e-01, 5.060651302337646484e-01
6.589720845222473145e-01, -4.420247673988342285e-01, -6.085802316665649414e-01
-6.640162467956542969e-01, -6.687843203544616699e-01, -3.343800306320190430e-01
2.688941657543182373e-01, -4.662753343582153320e-01, -8.427830338478088379e-01
-2.549208104610443115e-01, -8.990107774734497070e-01, 3.560828566551208496e-01
4.453399404883384705e-02, 2.803435325622558594e-01, -9.588661193847656250e-01
-8.681614398956298828e-01, 2.429943978786468506e-01, 4.327232241630554199e-01
7.278084754943847656e-01, 6.543204188346862793e-01, 2.053281515836715698e-01
6.239902377128601074e-01, -1.776341795921325684e-01, -7.609745860099792480e-01
4.700721204280853271e-01, -1.756693720817565918e-01, -8.649696707725524902e-01
-8.479296565055847168e-01, 4.895626604557037354e-01, -2.033315896987915039e-01
-4.767937660217285156e-01, -8.656307458877563477e-01, 1.528105288743972778e-01
6.213694810867309570e-01, 7.830424308776855469e-01, -2.728533186018466949e-02
-1.985907852649688721e-01, 3.306444883346557617e-01, 9.226244688034057617e-01
